item_a,kind_a,item_b,kind_b,similarity
C:\Users\ZhanYi\PycharmProjects\AiCustomer\ocr_test\img\1df983bc51d320c5bdd30f3677bd73759d514f3513fc275cf0a5b526d030d73b.jpg,image,C:\Users\ZhanYi\PycharmProjects\AiCustomer\ocr_test\img\image_61.jpg,image,0.729049563407898
C:\Users\ZhanYi\PycharmProjects\AiCustomer\ocr_test\img\1df983bc51d320c5bdd30f3677bd73759d514f3513fc275cf0a5b526d030d73b.jpg,image,C:\Users\ZhanYi\PycharmProjects\AiCustomer\ocr_test\img\image_50.jpg,image,0.6934287548065186
C:\Users\ZhanYi\PycharmProjects\AiCustomer\ocr_test\img\1df983bc51d320c5bdd30f3677bd73759d514f3513fc275cf0a5b526d030d73b.jpg,image,C:\Users\ZhanYi\PycharmProjects\AiCustomer\ocr_test\img\image_66.jpg,image,0.6392830610275269
C:\Users\ZhanYi\PycharmProjects\AiCustomer\ocr_test\img\1df983bc51d320c5bdd30f3677bd73759d514f3513fc275cf0a5b526d030d73b.jpg,image,C:\Users\ZhanYi\PycharmProjects\AiCustomer\ocr_test\img\image_56.jpg,image,0.6370069980621338
C:\Users\ZhanYi\PycharmProjects\AiCustomer\ocr_test\img\1df983bc51d320c5bdd30f3677bd73759d514f3513fc275cf0a5b526d030d73b.jpg,image,C:\Users\ZhanYi\PycharmProjects\AiCustomer\ocr_test\img\image_90.jpg,image,0.627241849899292
C:\Users\ZhanYi\PycharmProjects\AiCustomer\ocr_test\img\4563edc2eaead41b372e3bfc36586b7496c62b0dc4d6a8a9b5377de62926255b.png,image,C:\Users\ZhanYi\PycharmProjects\AiCustomer\ocr_test\img\image_10.jpg,image,0.8176484107971191
C:\Users\ZhanYi\PycharmProjects\AiCustomer\ocr_test\img\4563edc2eaead41b372e3bfc36586b7496c62b0dc4d6a8a9b5377de62926255b.png,image,C:\Users\ZhanYi\PycharmProjects\AiCustomer\ocr_test\img\image_6.jpg,image,0.8025119304656982
C:\Users\ZhanYi\PycharmProjects\AiCustomer\ocr_test\img\4563edc2eaead41b372e3bfc36586b7496c62b0dc4d6a8a9b5377de62926255b.png,image,C:\Users\ZhanYi\PycharmProjects\AiCustomer\ocr_test\img\image_54.jpg,image,0.8023108839988708
C:\Users\ZhanYi\PycharmProjects\AiCustomer\ocr_test\img\4563edc2eaead41b372e3bfc36586b7496c62b0dc4d6a8a9b5377de62926255b.png,image,C:\Users\ZhanYi\PycharmProjects\AiCustomer\ocr_test\img\image_84.jpg,image,0.7880798578262329
C:\Users\ZhanYi\PycharmProjects\AiCustomer\ocr_test\img\4563edc2eaead41b372e3bfc36586b7496c62b0dc4d6a8a9b5377de62926255b.png,image,C:\Users\ZhanYi\PycharmProjects\AiCustomer\ocr_test\img\eaf6aff9e7034c76da13484f7c9eb74f783e724b375d9bc99c62b1f5dd8424cd.jpg,image,0.772391676902771
C:\Users\ZhanYi\PycharmProjects\AiCustomer\ocr_test\img\547af5fc702993993b3ccabd789c598734f3c9f3244f0b21e276168e9cd55e02.png,image,C:\Users\ZhanYi\PycharmProjects\AiCustomer\ocr_test\img\image_85.jpg,image,0.9234942197799683
C:\Users\ZhanYi\PycharmProjects\AiCustomer\ocr_test\img\547af5fc702993993b3ccabd789c598734f3c9f3244f0b21e276168e9cd55e02.png,image,C:\Users\ZhanYi\PycharmProjects\AiCustomer\ocr_test\img\image_37.jpg,image,0.8740972280502319
C:\Users\ZhanYi\PycharmProjects\AiCustomer\ocr_test\img\547af5fc702993993b3ccabd789c598734f3c9f3244f0b21e276168e9cd55e02.png,image,C:\Users\ZhanYi\PycharmProjects\AiCustomer\ocr_test\img\image_65.jpg,image,0.8641051650047302
C:\Users\ZhanYi\PycharmProjects\AiCustomer\ocr_test\img\547af5fc702993993b3ccabd789c598734f3c9f3244f0b21e276168e9cd55e02.png,image,C:\Users\ZhanYi\PycharmProjects\AiCustomer\ocr_test\img\c088f273af9079b175766328f726858c384284127729021fee982b7fd97c457a.jpg,image,0.8548434972763062
C:\Users\ZhanYi\PycharmProjects\AiCustomer\ocr_test\img\547af5fc702993993b3ccabd789c598734f3c9f3244f0b21e276168e9cd55e02.png,image,C:\Users\ZhanYi\PycharmProjects\AiCustomer\ocr_test\img\image_82.jpg,image,0.7871917486190796
C:\Users\ZhanYi\PycharmProjects\AiCustomer\ocr_test\img\798b38a0cd245b22e7f3f7765365315b3443faccfa263721e9ba2a5e0c0f393a.jpg,image,C:\Users\ZhanYi\PycharmProjects\AiCustomer\ocr_test\img\image_4.jpg,image,0.9382829666137695
C:\Users\ZhanYi\PycharmProjects\AiCustomer\ocr_test\img\798b38a0cd245b22e7f3f7765365315b3443faccfa263721e9ba2a5e0c0f393a.jpg,image,C:\Users\ZhanYi\PycharmProjects\AiCustomer\ocr_test\img\image_8.jpg,image,0.9144095182418823
C:\Users\ZhanYi\PycharmProjects\AiCustomer\ocr_test\img\798b38a0cd245b22e7f3f7765365315b3443faccfa263721e9ba2a5e0c0f393a.jpg,image,C:\Users\ZhanYi\PycharmProjects\AiCustomer\ocr_test\img\image_15.jpg,image,0.9002850651741028
C:\Users\ZhanYi\PycharmProjects\AiCustomer\ocr_test\img\798b38a0cd245b22e7f3f7765365315b3443faccfa263721e9ba2a5e0c0f393a.jpg,image,C:\Users\ZhanYi\PycharmProjects\AiCustomer\ocr_test\img\image_38.jpg,image,0.8995295763015747
C:\Users\ZhanYi\PycharmProjects\AiCustomer\ocr_test\img\798b38a0cd245b22e7f3f7765365315b3443faccfa263721e9ba2a5e0c0f393a.jpg,image,C:\Users\ZhanYi\PycharmProjects\AiCustomer\ocr_test\img\image_24.jpg,image,0.8933277130126953
C:\Users\ZhanYi\PycharmProjects\AiCustomer\ocr_test\img\be401591d2a108c531b9a4fcfb0c3b4251f9752fde1fcaf3c870d962997b90d7.png,image,C:\Users\ZhanYi\PycharmProjects\AiCustomer\ocr_test\img\image_99.jpg,image,0.9629243612289429
C:\Users\ZhanYi\PycharmProjects\AiCustomer\ocr_test\img\be401591d2a108c531b9a4fcfb0c3b4251f9752fde1fcaf3c870d962997b90d7.png,image,C:\Users\ZhanYi\PycharmProjects\AiCustomer\ocr_test\img\image_22.jpg,image,0.9424986839294434
C:\Users\ZhanYi\PycharmProjects\AiCustomer\ocr_test\img\be401591d2a108c531b9a4fcfb0c3b4251f9752fde1fcaf3c870d962997b90d7.png,image,C:\Users\ZhanYi\PycharmProjects\AiCustomer\ocr_test\img\image_98.jpg,image,0.9351115226745605
C:\Users\ZhanYi\PycharmProjects\AiCustomer\ocr_test\img\be401591d2a108c531b9a4fcfb0c3b4251f9752fde1fcaf3c870d962997b90d7.png,image,C:\Users\ZhanYi\PycharmProjects\AiCustomer\ocr_test\img\image_44.jpg,image,0.9315781593322754
C:\Users\ZhanYi\PycharmProjects\AiCustomer\ocr_test\img\be401591d2a108c531b9a4fcfb0c3b4251f9752fde1fcaf3c870d962997b90d7.png,image,C:\Users\ZhanYi\PycharmProjects\AiCustomer\ocr_test\img\image_76.jpg,image,0.7827767133712769
C:\Users\ZhanYi\PycharmProjects\AiCustomer\ocr_test\img\c088f273af9079b175766328f726858c384284127729021fee982b7fd97c457a.jpg,image,C:\Users\ZhanYi\PycharmProjects\AiCustomer\ocr_test\img\image_85.jpg,image,0.9214476346969604
C:\Users\ZhanYi\PycharmProjects\AiCustomer\ocr_test\img\c088f273af9079b175766328f726858c384284127729021fee982b7fd97c457a.jpg,image,C:\Users\ZhanYi\PycharmProjects\AiCustomer\ocr_test\img\image_65.jpg,image,0.9156147241592407
C:\Users\ZhanYi\PycharmProjects\AiCustomer\ocr_test\img\c088f273af9079b175766328f726858c384284127729021fee982b7fd97c457a.jpg,image,C:\Users\ZhanYi\PycharmProjects\AiCustomer\ocr_test\img\image_37.jpg,image,0.910222053527832
C:\Users\ZhanYi\PycharmProjects\AiCustomer\ocr_test\img\c088f273af9079b175766328f726858c384284127729021fee982b7fd97c457a.jpg,image,C:\Users\ZhanYi\PycharmProjects\AiCustomer\ocr_test\img\image_11.jpg,image,0.8761860728263855
C:\Users\ZhanYi\PycharmProjects\AiCustomer\ocr_test\img\eaf6aff9e7034c76da13484f7c9eb74f783e724b375d9bc99c62b1f5dd8424cd.jpg,image,C:\Users\ZhanYi\PycharmProjects\AiCustomer\ocr_test\img\image_6.jpg,image,0.8284033536911011
C:\Users\ZhanYi\PycharmProjects\AiCustomer\ocr_test\img\eaf6aff9e7034c76da13484f7c9eb74f783e724b375d9bc99c62b1f5dd8424cd.jpg,image,C:\Users\ZhanYi\PycharmProjects\AiCustomer\ocr_test\img\image_93.jpg,image,0.8167678713798523
C:\Users\ZhanYi\PycharmProjects\AiCustomer\ocr_test\img\eaf6aff9e7034c76da13484f7c9eb74f783e724b375d9bc99c62b1f5dd8424cd.jpg,image,C:\Users\ZhanYi\PycharmProjects\AiCustomer\ocr_test\img\image_36.jpg,image,0.8167678713798523
C:\Users\ZhanYi\PycharmProjects\AiCustomer\ocr_test\img\eaf6aff9e7034c76da13484f7c9eb74f783e724b375d9bc99c62b1f5dd8424cd.jpg,image,C:\Users\ZhanYi\PycharmProjects\AiCustomer\ocr_test\img\image_54.jpg,image,0.8033496141433716
C:\Users\ZhanYi\PycharmProjects\AiCustomer\ocr_test\img\image_1.jpg,image,C:\Users\ZhanYi\PycharmProjects\AiCustomer\ocr_test\img\image_68.jpg,image,0.842383623123169
C:\Users\ZhanYi\PycharmProjects\AiCustomer\ocr_test\img\image_1.jpg,image,C:\Users\ZhanYi\PycharmProjects\AiCustomer\ocr_test\img\image_74.jpg,image,0.8095415234565735
C:\Users\ZhanYi\PycharmProjects\AiCustomer\ocr_test\img\image_1.jpg,image,C:\Users\ZhanYi\PycharmProjects\AiCustomer\ocr_test\img\image_55.jpg,image,0.7863284349441528
C:\Users\ZhanYi\PycharmProjects\AiCustomer\ocr_test\img\image_1.jpg,image,C:\Users\ZhanYi\PycharmProjects\AiCustomer\ocr_test\img\image_25.jpg,image,0.7863284349441528
C:\Users\ZhanYi\PycharmProjects\AiCustomer\ocr_test\img\image_1.jpg,image,C:\Users\ZhanYi\PycharmProjects\AiCustomer\ocr_test\img\image_31.jpg,image,0.7788387537002563
C:\Users\ZhanYi\PycharmProjects\AiCustomer\ocr_test\img\image_10.jpg,image,C:\Users\ZhanYi\PycharmProjects\AiCustomer\ocr_test\img\image_84.jpg,image,0.8572725653648376
C:\Users\ZhanYi\PycharmProjects\AiCustomer\ocr_test\img\image_10.jpg,image,C:\Users\ZhanYi\PycharmProjects\AiCustomer\ocr_test\img\image_54.jpg,image,0.8370707035064697
C:\Users\ZhanYi\PycharmProjects\AiCustomer\ocr_test\img\image_10.jpg,image,C:\Users\ZhanYi\PycharmProjects\AiCustomer\ocr_test\img\image_93.jpg,image,0.8187894821166992
C:\Users\ZhanYi\PycharmProjects\AiCustomer\ocr_test\img\image_10.jpg,image,C:\Users\ZhanYi\PycharmProjects\AiCustomer\ocr_test\img\image_36.jpg,image,0.8187894821166992
C:\Users\ZhanYi\PycharmProjects\AiCustomer\ocr_test\img\image_100.jpg,image,C:\Users\ZhanYi\PycharmProjects\AiCustomer\ocr_test\img\image_70.jpg,image,0.8349587917327881
C:\Users\ZhanYi\PycharmProjects\AiCustomer\ocr_test\img\image_100.jpg,image,C:\Users\ZhanYi\PycharmProjects\AiCustomer\ocr_test\img\image_31.jpg,image,0.819301962852478
C:\Users\ZhanYi\PycharmProjects\AiCustomer\ocr_test\img\image_100.jpg,image,C:\Users\ZhanYi\PycharmProjects\AiCustomer\ocr_test\img\image_74.jpg,image,0.8129828572273254
C:\Users\ZhanYi\PycharmProjects\AiCustomer\ocr_test\img\image_100.jpg,image,C:\Users\ZhanYi\PycharmProjects\AiCustomer\ocr_test\img\image_68.jpg,image,0.8052058219909668
C:\Users\ZhanYi\PycharmProjects\AiCustomer\ocr_test\img\image_100.jpg,image,C:\Users\ZhanYi\PycharmProjects\AiCustomer\ocr_test\img\image_63.jpg,image,0.7897489666938782
C:\Users\ZhanYi\PycharmProjects\AiCustomer\ocr_test\img\image_11.jpg,image,C:\Users\ZhanYi\PycharmProjects\AiCustomer\ocr_test\img\image_65.jpg,image,0.8729391098022461
C:\Users\ZhanYi\PycharmProjects\AiCustomer\ocr_test\img\image_11.jpg,image,C:\Users\ZhanYi\PycharmProjects\AiCustomer\ocr_test\img\image_37.jpg,image,0.8481729030609131
C:\Users\ZhanYi\PycharmProjects\AiCustomer\ocr_test\img\image_11.jpg,image,C:\Users\ZhanYi\PycharmProjects\AiCustomer\ocr_test\img\image_85.jpg,image,0.834962010383606
C:\Users\ZhanYi\PycharmProjects\AiCustomer\ocr_test\img\image_11.jpg,image,C:\Users\ZhanYi\PycharmProjects\AiCustomer\ocr_test\img\798b38a0cd245b22e7f3f7765365315b3443faccfa263721e9ba2a5e0c0f393a.jpg,image,0.8345104455947876
C:\Users\ZhanYi\PycharmProjects\AiCustomer\ocr_test\img\image_12.jpg,image,C:\Users\ZhanYi\PycharmProjects\AiCustomer\ocr_test\img\image_35.jpg,image,0.8068913221359253
C:\Users\ZhanYi\PycharmProjects\AiCustomer\ocr_test\img\image_12.jpg,image,C:\Users\ZhanYi\PycharmProjects\AiCustomer\ocr_test\img\image_91.jpg,image,0.8059778213500977
C:\Users\ZhanYi\PycharmProjects\AiCustomer\ocr_test\img\image_12.jpg,image,C:\Users\ZhanYi\PycharmProjects\AiCustomer\ocr_test\img\image_69.jpg,image,0.7951323986053467
C:\Users\ZhanYi\PycharmProjects\AiCustomer\ocr_test\img\image_12.jpg,image,C:\Users\ZhanYi\PycharmProjects\AiCustomer\ocr_test\img\image_28.jpg,image,0.790424644947052
C:\Users\ZhanYi\PycharmProjects\AiCustomer\ocr_test\img\image_12.jpg,image,C:\Users\ZhanYi\PycharmProjects\AiCustomer\ocr_test\img\image_75.jpg,image,0.7849290370941162
C:\Users\ZhanYi\PycharmProjects\AiCustomer\ocr_test\img\image_13.jpg,image,C:\Users\ZhanYi\PycharmProjects\AiCustomer\ocr_test\img\image_24.jpg,image,0.9308408498764038
C:\Users\ZhanYi\PycharmProjects\AiCustomer\ocr_test\img\image_13.jpg,image,C:\Users\ZhanYi\PycharmProjects\AiCustomer\ocr_test\img\image_35.jpg,image,0.9299482107162476
C:\Users\ZhanYi\PycharmProjects\AiCustomer\ocr_test\img\image_13.jpg,image,C:\Users\ZhanYi\PycharmProjects\AiCustomer\ocr_test\img\image_8.jpg,image,0.9157939553260803
C:\Users\ZhanYi\PycharmProjects\AiCustomer\ocr_test\img\image_13.jpg,image,C:\Users\ZhanYi\PycharmProjects\AiCustomer\ocr_test\img\image_28.jpg,image,0.8863973617553711
C:\Users\ZhanYi\PycharmProjects\AiCustomer\ocr_test\img\image_13.jpg,image,C:\Users\ZhanYi\PycharmProjects\AiCustomer\ocr_test\img\image_38.jpg,image,0.8842796087265015
C:\Users\ZhanYi\PycharmProjects\AiCustomer\ocr_test\img\image_14.png,image,C:\Users\ZhanYi\PycharmProjects\AiCustomer\ocr_test\img\be401591d2a108c531b9a4fcfb0c3b4251f9752fde1fcaf3c870d962997b90d7.png,image,0.7010911703109741
C:\Users\ZhanYi\PycharmProjects\AiCustomer\ocr_test\img\image_14.png,image,C:\Users\ZhanYi\PycharmProjects\AiCustomer\ocr_test\img\image_58.jpg,image,0.695758581161499
C:\Users\ZhanYi\PycharmProjects\AiCustomer\ocr_test\img\image_14.png,image,C:\Users\ZhanYi\PycharmProjects\AiCustomer\ocr_test\img\image_70.jpg,image,0.6880777478218079
C:\Users\ZhanYi\PycharmProjects\AiCustomer\ocr_test\img\image_14.png,image,C:\Users\ZhanYi\PycharmProjects\AiCustomer\ocr_test\img\image_29.png,image,0.6843379735946655
C:\Users\ZhanYi\PycharmProjects\AiCustomer\ocr_test\img\image_14.png,image,C:\Users\ZhanYi\PycharmProjects\AiCustomer\ocr_test\img\image_31.jpg,image,0.6822689175605774
C:\Users\ZhanYi\PycharmProjects\AiCustomer\ocr_test\img\image_15.jpg,image,C:\Users\ZhanYi\PycharmProjects\AiCustomer\ocr_test\img\image_69.jpg,image,0.9375756978988647
C:\Users\ZhanYi\PycharmProjects\AiCustomer\ocr_test\img\image_15.jpg,image,C:\Users\ZhanYi\PycharmProjects\AiCustomer\ocr_test\img\image_8.jpg,image,0.9128845930099487
C:\Users\ZhanYi\PycharmProjects\AiCustomer\ocr_test\img\image_15.jpg,image,C:\Users\ZhanYi\PycharmProjects\AiCustomer\ocr_test\img\image_58.jpg,image,0.9091129899024963
C:\Users\ZhanYi\PycharmProjects\AiCustomer\ocr_test\img\image_15.jpg,image,C:\Users\ZhanYi\PycharmProjects\AiCustomer\ocr_test\img\image_41.jpg,image,0.9073339104652405
C:\Users\ZhanYi\PycharmProjects\AiCustomer\ocr_test\img\image_16.jpg,image,C:\Users\ZhanYi\PycharmProjects\AiCustomer\ocr_test\img\error\image_16.jpg,image,1.0000001192092896
C:\Users\ZhanYi\PycharmProjects\AiCustomer\ocr_test\img\image_16.jpg,image,C:\Users\ZhanYi\PycharmProjects\AiCustomer\ocr_test\img\image_92.jpg,image,0.6686798334121704
C:\Users\ZhanYi\PycharmProjects\AiCustomer\ocr_test\img\image_16.jpg,image,C:\Users\ZhanYi\PycharmProjects\AiCustomer\ocr_test\img\image_64.jpg,image,0.6686798334121704
C:\Users\ZhanYi\PycharmProjects\AiCustomer\ocr_test\img\image_16.jpg,image,C:\Users\ZhanYi\PycharmProjects\AiCustomer\ocr_test\img\image_47.jpg,image,0.6553056240081787
C:\Users\ZhanYi\PycharmProjects\AiCustomer\ocr_test\img\image_16.jpg,image,C:\Users\ZhanYi\PycharmProjects\AiCustomer\ocr_test\img\image_55.jpg,image,0.6494427919387817
C:\Users\ZhanYi\PycharmProjects\AiCustomer\ocr_test\img\image_17.jpeg,image,C:\Users\ZhanYi\PycharmProjects\AiCustomer\ocr_test\img\image_21.jpg,image,0.8185026049613953
C:\Users\ZhanYi\PycharmProjects\AiCustomer\ocr_test\img\image_17.jpeg,image,C:\Users\ZhanYi\PycharmProjects\AiCustomer\ocr_test\img\error\image_96.jpg,image,0.7888782024383545
C:\Users\ZhanYi\PycharmProjects\AiCustomer\ocr_test\img\image_17.jpeg,image,C:\Users\ZhanYi\PycharmProjects\AiCustomer\ocr_test\img\image_96.jpg,image,0.7888782024383545
C:\Users\ZhanYi\PycharmProjects\AiCustomer\ocr_test\img\image_17.jpeg,image,C:\Users\ZhanYi\PycharmProjects\AiCustomer\ocr_test\img\image_15.jpg,image,0.7886916399002075
C:\Users\ZhanYi\PycharmProjects\AiCustomer\ocr_test\img\image_17.jpeg,image,C:\Users\ZhanYi\PycharmProjects\AiCustomer\ocr_test\img\image_38.jpg,image,0.7858846187591553
C:\Users\ZhanYi\PycharmProjects\AiCustomer\ocr_test\img\image_18.jpg,image,C:\Users\ZhanYi\PycharmProjects\AiCustomer\ocr_test\img\image_28.jpg,image,0.9431731104850769
C:\Users\ZhanYi\PycharmProjects\AiCustomer\ocr_test\img\image_18.jpg,image,C:\Users\ZhanYi\PycharmProjects\AiCustomer\ocr_test\img\image_75.jpg,image,0.9306079149246216
C:\Users\ZhanYi\PycharmProjects\AiCustomer\ocr_test\img\image_18.jpg,image,C:\Users\ZhanYi\PycharmProjects\AiCustomer\ocr_test\img\image_91.jpg,image,0.9208551049232483
C:\Users\ZhanYi\PycharmProjects\AiCustomer\ocr_test\img\image_18.jpg,image,C:\Users\ZhanYi\PycharmProjects\AiCustomer\ocr_test\img\image_24.jpg,image,0.9143164157867432
C:\Users\ZhanYi\PycharmProjects\AiCustomer\ocr_test\img\image_18.jpg,image,C:\Users\ZhanYi\PycharmProjects\AiCustomer\ocr_test\img\image_35.jpg,image,0.9109305143356323
C:\Users\ZhanYi\PycharmProjects\AiCustomer\ocr_test\img\image_19.png,image,C:\Users\ZhanYi\PycharmProjects\AiCustomer\ocr_test\img\image_86.jpg,image,0.677094578742981
C:\Users\ZhanYi\PycharmProjects\AiCustomer\ocr_test\img\image_19.png,image,C:\Users\ZhanYi\PycharmProjects\AiCustomer\ocr_test\img\image_69.jpg,image,0.6749618649482727
C:\Users\ZhanYi\PycharmProjects\AiCustomer\ocr_test\img\image_19.png,image,C:\Users\ZhanYi\PycharmProjects\AiCustomer\ocr_test\img\image_11.jpg,image,0.6725139617919922
C:\Users\ZhanYi\PycharmProjects\AiCustomer\ocr_test\img\image_19.png,image,C:\Users\ZhanYi\PycharmProjects\AiCustomer\ocr_test\img\image_15.jpg,image,0.666562557220459
C:\Users\ZhanYi\PycharmProjects\AiCustomer\ocr_test\img\image_19.png,image,C:\Users\ZhanYi\PycharmProjects\AiCustomer\ocr_test\img\image_38.jpg,image,0.6658705472946167
C:\Users\ZhanYi\PycharmProjects\AiCustomer\ocr_test\img\image_2.jpg,image,C:\Users\ZhanYi\PycharmProjects\AiCustomer\ocr_test\img\image_72.jpg,image,0.9999997615814209
C:\Users\ZhanYi\PycharmProjects\AiCustomer\ocr_test\img\image_2.jpg,image,C:\Users\ZhanYi\PycharmProjects\AiCustomer\ocr_test\img\image_76.jpg,image,0.8563098311424255
C:\Users\ZhanYi\PycharmProjects\AiCustomer\ocr_test\img\image_2.jpg,image,C:\Users\ZhanYi\PycharmProjects\AiCustomer\ocr_test\img\image_42.jpg,image,0.764223575592041
C:\Users\ZhanYi\PycharmProjects\AiCustomer\ocr_test\img\image_2.jpg,image,C:\Users\ZhanYi\PycharmProjects\AiCustomer\ocr_test\img\image_12.jpg,image,0.748023509979248
C:\Users\ZhanYi\PycharmProjects\AiCustomer\ocr_test\img\image_2.jpg,image,C:\Users\ZhanYi\PycharmProjects\AiCustomer\ocr_test\img\image_64.jpg,image,0.7422212362289429
C:\Users\ZhanYi\PycharmProjects\AiCustomer\ocr_test\img\image_20.jpg,image,C:\Users\ZhanYi\PycharmProjects\AiCustomer\ocr_test\img\image_74.jpg,image,0.6989927291870117
C:\Users\ZhanYi\PycharmProjects\AiCustomer\ocr_test\img\image_20.jpg,image,C:\Users\ZhanYi\PycharmProjects\AiCustomer\ocr_test\img\image_81.png,image,0.693653404712677
C:\Users\ZhanYi\PycharmProjects\AiCustomer\ocr_test\img\image_20.jpg,image,C:\Users\ZhanYi\PycharmProjects\AiCustomer\ocr_test\img\image_53.jpg,image,0.6903576850891113
C:\Users\ZhanYi\PycharmProjects\AiCustomer\ocr_test\img\image_20.jpg,image,C:\Users\ZhanYi\PycharmProjects\AiCustomer\ocr_test\img\image_38.jpg,image,0.6887614130973816
C:\Users\ZhanYi\PycharmProjects\AiCustomer\ocr_test\img\image_20.jpg,image,C:\Users\ZhanYi\PycharmProjects\AiCustomer\ocr_test\img\image_89.jpg,image,0.6803958415985107
C:\Users\ZhanYi\PycharmProjects\AiCustomer\ocr_test\img\image_21.jpg,image,C:\Users\ZhanYi\PycharmProjects\AiCustomer\ocr_test\img\image_84.jpg,image,0.7740473747253418
C:\Users\ZhanYi\PycharmProjects\AiCustomer\ocr_test\img\image_21.jpg,image,C:\Users\ZhanYi\PycharmProjects\AiCustomer\ocr_test\img\image_97.jpg,image,0.7700999975204468
C:\Users\ZhanYi\PycharmProjects\AiCustomer\ocr_test\img\image_21.jpg,image,C:\Users\ZhanYi\PycharmProjects\AiCustomer\ocr_test\img\image_15.jpg,image,0.7653800249099731
C:\Users\ZhanYi\PycharmProjects\AiCustomer\ocr_test\img\image_21.jpg,image,C:\Users\ZhanYi\PycharmProjects\AiCustomer\ocr_test\img\image_41.jpg,image,0.7639570236206055
C:\Users\ZhanYi\PycharmProjects\AiCustomer\ocr_test\img\image_22.jpg,image,C:\Users\ZhanYi\PycharmProjects\AiCustomer\ocr_test\img\image_98.jpg,image,0.9790264368057251
C:\Users\ZhanYi\PycharmProjects\AiCustomer\ocr_test\img\image_22.jpg,image,C:\Users\ZhanYi\PycharmProjects\AiCustomer\ocr_test\img\image_99.jpg,image,0.9747672080993652
C:\Users\ZhanYi\PycharmProjects\AiCustomer\ocr_test\img\image_22.jpg,image,C:\Users\ZhanYi\PycharmProjects\AiCustomer\ocr_test\img\image_44.jpg,image,0.9715914726257324
C:\Users\ZhanYi\PycharmProjects\AiCustomer\ocr_test\img\image_22.jpg,image,C:\Users\ZhanYi\PycharmProjects\AiCustomer\ocr_test\img\image_76.jpg,image,0.7742848992347717
C:\Users\ZhanYi\PycharmProjects\AiCustomer\ocr_test\img\image_23.jpg,image,C:\Users\ZhanYi\PycharmProjects\AiCustomer\ocr_test\img\image_24.jpg,image,0.8883594274520874
C:\Users\ZhanYi\PycharmProjects\AiCustomer\ocr_test\img\image_23.jpg,image,C:\Users\ZhanYi\PycharmProjects\AiCustomer\ocr_test\img\image_8.jpg,image,0.8776297569274902
C:\Users\ZhanYi\PycharmProjects\AiCustomer\ocr_test\img\image_23.jpg,image,C:\Users\ZhanYi\PycharmProjects\AiCustomer\ocr_test\img\image_38.jpg,image,0.8720816969871521
C:\Users\ZhanYi\PycharmProjects\AiCustomer\ocr_test\img\image_23.jpg,image,C:\Users\ZhanYi\PycharmProjects\AiCustomer\ocr_test\img\image_35.jpg,image,0.8678625822067261
C:\Users\ZhanYi\PycharmProjects\AiCustomer\ocr_test\img\image_23.jpg,image,C:\Users\ZhanYi\PycharmProjects\AiCustomer\ocr_test\img\image_13.jpg,image,0.8622848987579346
C:\Users\ZhanYi\PycharmProjects\AiCustomer\ocr_test\img\image_24.jpg,image,C:\Users\ZhanYi\PycharmProjects\AiCustomer\ocr_test\img\image_35.jpg,image,0.9462488889694214
C:\Users\ZhanYi\PycharmProjects\AiCustomer\ocr_test\img\image_24.jpg,image,C:\Users\ZhanYi\PycharmProjects\AiCustomer\ocr_test\img\image_8.jpg,image,0.9325296878814697
C:\Users\ZhanYi\PycharmProjects\AiCustomer\ocr_test\img\image_24.jpg,image,C:\Users\ZhanYi\PycharmProjects\AiCustomer\ocr_test\img\image_28.jpg,image,0.9157378077507019
C:\Users\ZhanYi\PycharmProjects\AiCustomer\ocr_test\img\image_25.jpg,image,C:\Users\ZhanYi\PycharmProjects\AiCustomer\ocr_test\img\image_55.jpg,image,1.0
C:\Users\ZhanYi\PycharmProjects\AiCustomer\ocr_test\img\image_25.jpg,image,C:\Users\ZhanYi\PycharmProjects\AiCustomer\ocr_test\img\image_68.jpg,image,0.7972028255462646
C:\Users\ZhanYi\PycharmProjects\AiCustomer\ocr_test\img\image_25.jpg,image,C:\Users\ZhanYi\PycharmProjects\AiCustomer\ocr_test\img\image_15.jpg,image,0.7949646711349487
C:\Users\ZhanYi\PycharmProjects\AiCustomer\ocr_test\img\image_25.jpg,image,C:\Users\ZhanYi\PycharmProjects\AiCustomer\ocr_test\img\image_69.jpg,image,0.7913410663604736
C:\Users\ZhanYi\PycharmProjects\AiCustomer\ocr_test\img\image_26.jpg,image,C:\Users\ZhanYi\PycharmProjects\AiCustomer\ocr_test\img\error\image_48.jpg,image,0.7320452332496643
C:\Users\ZhanYi\PycharmProjects\AiCustomer\ocr_test\img\image_26.jpg,image,C:\Users\ZhanYi\PycharmProjects\AiCustomer\ocr_test\img\image_48.jpg,image,0.7320452332496643
C:\Users\ZhanYi\PycharmProjects\AiCustomer\ocr_test\img\image_26.jpg,image,C:\Users\ZhanYi\PycharmProjects\AiCustomer\ocr_test\img\image_14.png,image,0.6289054155349731
C:\Users\ZhanYi\PycharmProjects\AiCustomer\ocr_test\img\image_26.jpg,image,C:\Users\ZhanYi\PycharmProjects\AiCustomer\ocr_test\img\image_99.jpg,image,0.6269268989562988
C:\Users\ZhanYi\PycharmProjects\AiCustomer\ocr_test\img\image_26.jpg,image,C:\Users\ZhanYi\PycharmProjects\AiCustomer\ocr_test\img\image_34.jpg,image,0.6179131865501404
C:\Users\ZhanYi\PycharmProjects\AiCustomer\ocr_test\img\image_27.jpg,image,C:\Users\ZhanYi\PycharmProjects\AiCustomer\ocr_test\img\image_79.jpg,image,0.8796841502189636
C:\Users\ZhanYi\PycharmProjects\AiCustomer\ocr_test\img\image_27.jpg,image,C:\Users\ZhanYi\PycharmProjects\AiCustomer\ocr_test\img\image_91.jpg,image,0.8341978788375854
C:\Users\ZhanYi\PycharmProjects\AiCustomer\ocr_test\img\image_27.jpg,image,C:\Users\ZhanYi\PycharmProjects\AiCustomer\ocr_test\img\image_28.jpg,image,0.8158268928527832
C:\Users\ZhanYi\PycharmProjects\AiCustomer\ocr_test\img\image_27.jpg,image,C:\Users\ZhanYi\PycharmProjects\AiCustomer\ocr_test\img\image_18.jpg,image,0.8081217408180237
C:\Users\ZhanYi\PycharmProjects\AiCustomer\ocr_test\img\image_27.jpg,image,C:\Users\ZhanYi\PycharmProjects\AiCustomer\ocr_test\img\image_78.jpg,image,0.7915973663330078
C:\Users\ZhanYi\PycharmProjects\AiCustomer\ocr_test\img\image_28.jpg,image,C:\Users\ZhanYi\PycharmProjects\AiCustomer\ocr_test\img\image_35.jpg,image,0.9265563488006592
C:\Users\ZhanYi\PycharmProjects\AiCustomer\ocr_test\img\image_28.jpg,image,C:\Users\ZhanYi\PycharmProjects\AiCustomer\ocr_test\img\image_75.jpg,image,0.9184947609901428
C:\Users\ZhanYi\PycharmProjects\AiCustomer\ocr_test\img\image_28.jpg,image,C:\Users\ZhanYi\PycharmProjects\AiCustomer\ocr_test\img\image_91.jpg,image,0.9160346388816833
C:\Users\ZhanYi\PycharmProjects\AiCustomer\ocr_test\img\image_29.png,image,C:\Users\ZhanYi\PycharmProjects\AiCustomer\ocr_test\img\image_97.jpg,image,0.7833888530731201
C:\Users\ZhanYi\PycharmProjects\AiCustomer\ocr_test\img\image_29.png,image,C:\Users\ZhanYi\PycharmProjects\AiCustomer\ocr_test\img\image_7.jpg,image,0.7389609217643738
C:\Users\ZhanYi\PycharmProjects\AiCustomer\ocr_test\img\image_29.png,image,C:\Users\ZhanYi\PycharmProjects\AiCustomer\ocr_test\img\image_21.jpg,image,0.712621808052063
C:\Users\ZhanYi\PycharmProjects\AiCustomer\ocr_test\img\image_29.png,image,C:\Users\ZhanYi\PycharmProjects\AiCustomer\ocr_test\img\image_46.png,image,0.680148184299469
C:\Users\ZhanYi\PycharmProjects\AiCustomer\ocr_test\img\image_3.jpg,image,C:\Users\ZhanYi\PycharmProjects\AiCustomer\ocr_test\img\image_39.jpg,image,0.5461938381195068
C:\Users\ZhanYi\PycharmProjects\AiCustomer\ocr_test\img\image_3.jpg,image,C:\Users\ZhanYi\PycharmProjects\AiCustomer\ocr_test\img\image_72.jpg,image,0.40446895360946655
C:\Users\ZhanYi\PycharmProjects\AiCustomer\ocr_test\img\image_3.jpg,image,C:\Users\ZhanYi\PycharmProjects\AiCustomer\ocr_test\img\image_2.jpg,image,0.4044688642024994
C:\Users\ZhanYi\PycharmProjects\AiCustomer\ocr_test\img\image_3.jpg,image,C:\Users\ZhanYi\PycharmProjects\AiCustomer\ocr_test\img\image_42.jpg,image,0.4002698063850403
C:\Users\ZhanYi\PycharmProjects\AiCustomer\ocr_test\img\image_3.jpg,image,C:\Users\ZhanYi\PycharmProjects\AiCustomer\ocr_test\img\image_20.jpg,image,0.391903817653656
C:\Users\ZhanYi\PycharmProjects\AiCustomer\ocr_test\img\image_30.jpg,image,C:\Users\ZhanYi\PycharmProjects\AiCustomer\ocr_test\img\image_82.jpg,image,0.6471647620201111
C:\Users\ZhanYi\PycharmProjects\AiCustomer\ocr_test\img\image_30.jpg,image,C:\Users\ZhanYi\PycharmProjects\AiCustomer\ocr_test\img\image_8.jpg,image,0.6343885660171509
C:\Users\ZhanYi\PycharmProjects\AiCustomer\ocr_test\img\image_30.jpg,image,C:\Users\ZhanYi\PycharmProjects\AiCustomer\ocr_test\img\error\image_96.jpg,image,0.6311306357383728
C:\Users\ZhanYi\PycharmProjects\AiCustomer\ocr_test\img\image_30.jpg,image,C:\Users\ZhanYi\PycharmProjects\AiCustomer\ocr_test\img\image_96.jpg,image,0.6311306357383728
C:\Users\ZhanYi\PycharmProjects\AiCustomer\ocr_test\img\image_30.jpg,image,C:\Users\ZhanYi\PycharmProjects\AiCustomer\ocr_test\img\image_24.jpg,image,0.6292471885681152
C:\Users\ZhanYi\PycharmProjects\AiCustomer\ocr_test\img\image_31.jpg,image,C:\Users\ZhanYi\PycharmProjects\AiCustomer\ocr_test\img\image_70.jpg,image,0.8711848258972168
C:\Users\ZhanYi\PycharmProjects\AiCustomer\ocr_test\img\image_31.jpg,image,C:\Users\ZhanYi\PycharmProjects\AiCustomer\ocr_test\img\image_63.jpg,image,0.8677377700805664
C:\Users\ZhanYi\PycharmProjects\AiCustomer\ocr_test\img\image_31.jpg,image,C:\Users\ZhanYi\PycharmProjects\AiCustomer\ocr_test\img\image_74.jpg,image,0.8469505310058594
C:\Users\ZhanYi\PycharmProjects\AiCustomer\ocr_test\img\image_31.jpg,image,C:\Users\ZhanYi\PycharmProjects\AiCustomer\ocr_test\img\image_68.jpg,image,0.8176639080047607
C:\Users\ZhanYi\PycharmProjects\AiCustomer\ocr_test\img\image_32.jpg,image,C:\Users\ZhanYi\PycharmProjects\AiCustomer\ocr_test\img\image_76.jpg,image,0.7388571500778198
C:\Users\ZhanYi\PycharmProjects\AiCustomer\ocr_test\img\image_32.jpg,image,C:\Users\ZhanYi\PycharmProjects\AiCustomer\ocr_test\img\image_72.jpg,image,0.7286829948425293
C:\Users\ZhanYi\PycharmProjects\AiCustomer\ocr_test\img\image_32.jpg,image,C:\Users\ZhanYi\PycharmProjects\AiCustomer\ocr_test\img\image_2.jpg,image,0.7286829948425293
C:\Users\ZhanYi\PycharmProjects\AiCustomer\ocr_test\img\image_32.jpg,image,C:\Users\ZhanYi\PycharmProjects\AiCustomer\ocr_test\img\image_86.jpg,image,0.7177850604057312
C:\Users\ZhanYi\PycharmProjects\AiCustomer\ocr_test\img\image_32.jpg,image,C:\Users\ZhanYi\PycharmProjects\AiCustomer\ocr_test\img\image_69.jpg,image,0.7166193723678589
C:\Users\ZhanYi\PycharmProjects\AiCustomer\ocr_test\img\image_33.jpg,image,C:\Users\ZhanYi\PycharmProjects\AiCustomer\ocr_test\img\image_30.jpg,image,0.6238297820091248
C:\Users\ZhanYi\PycharmProjects\AiCustomer\ocr_test\img\image_33.jpg,image,C:\Users\ZhanYi\PycharmProjects\AiCustomer\ocr_test\img\image_59.jpg,image,0.6220531463623047
C:\Users\ZhanYi\PycharmProjects\AiCustomer\ocr_test\img\image_33.jpg,image,C:\Users\ZhanYi\PycharmProjects\AiCustomer\ocr_test\img\error\image_94.jpg,image,0.6132726669311523
C:\Users\ZhanYi\PycharmProjects\AiCustomer\ocr_test\img\image_33.jpg,image,C:\Users\ZhanYi\PycharmProjects\AiCustomer\ocr_test\img\image_94.jpg,image,0.6132726669311523
C:\Users\ZhanYi\PycharmProjects\AiCustomer\ocr_test\img\image_33.jpg,image,C:\Users\ZhanYi\PycharmProjects\AiCustomer\ocr_test\img\image_43.jpg,image,0.6041165590286255
C:\Users\ZhanYi\PycharmProjects\AiCustomer\ocr_test\img\image_34.jpg,image,C:\Users\ZhanYi\PycharmProjects\AiCustomer\ocr_test\img\image_60.jpg,image,0.7684378623962402
C:\Users\ZhanYi\PycharmProjects\AiCustomer\ocr_test\img\image_34.jpg,image,C:\Users\ZhanYi\PycharmProjects\AiCustomer\ocr_test\img\image_84.jpg,image,0.7544806003570557
C:\Users\ZhanYi\PycharmProjects\AiCustomer\ocr_test\img\image_34.jpg,image,C:\Users\ZhanYi\PycharmProjects\AiCustomer\ocr_test\img\image_6.jpg,image,0.7419946193695068
C:\Users\ZhanYi\PycharmProjects\AiCustomer\ocr_test\img\image_34.jpg,image,C:\Users\ZhanYi\PycharmProjects\AiCustomer\ocr_test\img\image_35.jpg,image,0.7386600971221924
C:\Users\ZhanYi\PycharmProjects\AiCustomer\ocr_test\img\image_34.jpg,image,C:\Users\ZhanYi\PycharmProjects\AiCustomer\ocr_test\img\image_15.jpg,image,0.7368025183677673
C:\Users\ZhanYi\PycharmProjects\AiCustomer\ocr_test\img\image_35.jpg,image,C:\Users\ZhanYi\PycharmProjects\AiCustomer\ocr_test\img\image_8.jpg,image,0.9198099374771118
C:\Users\ZhanYi\PycharmProjects\AiCustomer\ocr_test\img\image_36.jpg,image,C:\Users\ZhanYi\PycharmProjects\AiCustomer\ocr_test\img\image_93.jpg,image,0.9999998807907104
C:\Users\ZhanYi\PycharmProjects\AiCustomer\ocr_test\img\image_36.jpg,image,C:\Users\ZhanYi\PycharmProjects\AiCustomer\ocr_test\img\image_84.jpg,image,0.8419158458709717
C:\Users\ZhanYi\PycharmProjects\AiCustomer\ocr_test\img\image_36.jpg,image,C:\Users\ZhanYi\PycharmProjects\AiCustomer\ocr_test\img\image_6.jpg,image,0.824511706829071
C:\Users\ZhanYi\PycharmProjects\AiCustomer\ocr_test\img\image_37.jpg,image,C:\Users\ZhanYi\PycharmProjects\AiCustomer\ocr_test\img\image_65.jpg,image,0.947543203830719
C:\Users\ZhanYi\PycharmProjects\AiCustomer\ocr_test\img\image_37.jpg,image,C:\Users\ZhanYi\PycharmProjects\AiCustomer\ocr_test\img\image_85.jpg,image,0.9245962500572205
C:\Users\ZhanYi\PycharmProjects\AiCustomer\ocr_test\img\image_38.jpg,image,C:\Users\ZhanYi\PycharmProjects\AiCustomer\ocr_test\img\image_69.jpg,image,0.915414571762085
C:\Users\ZhanYi\PycharmProjects\AiCustomer\ocr_test\img\image_38.jpg,image,C:\Users\ZhanYi\PycharmProjects\AiCustomer\ocr_test\img\image_8.jpg,image,0.9128270149230957
C:\Users\ZhanYi\PycharmProjects\AiCustomer\ocr_test\img\image_38.jpg,image,C:\Users\ZhanYi\PycharmProjects\AiCustomer\ocr_test\img\image_24.jpg,image,0.910497784614563
C:\Users\ZhanYi\PycharmProjects\AiCustomer\ocr_test\img\image_38.jpg,image,C:\Users\ZhanYi\PycharmProjects\AiCustomer\ocr_test\img\image_35.jpg,image,0.9006627798080444
C:\Users\ZhanYi\PycharmProjects\AiCustomer\ocr_test\img\image_39.jpg,image,C:\Users\ZhanYi\PycharmProjects\AiCustomer\ocr_test\img\image_72.jpg,image,0.6585390567779541
C:\Users\ZhanYi\PycharmProjects\AiCustomer\ocr_test\img\image_39.jpg,image,C:\Users\ZhanYi\PycharmProjects\AiCustomer\ocr_test\img\image_2.jpg,image,0.6585390567779541
C:\Users\ZhanYi\PycharmProjects\AiCustomer\ocr_test\img\image_39.jpg,image,C:\Users\ZhanYi\PycharmProjects\AiCustomer\ocr_test\img\image_92.jpg,image,0.6574320793151855
C:\Users\ZhanYi\PycharmProjects\AiCustomer\ocr_test\img\image_39.jpg,image,C:\Users\ZhanYi\PycharmProjects\AiCustomer\ocr_test\img\image_64.jpg,image,0.6574320793151855
C:\Users\ZhanYi\PycharmProjects\AiCustomer\ocr_test\img\image_39.jpg,image,C:\Users\ZhanYi\PycharmProjects\AiCustomer\ocr_test\img\image_32.jpg,image,0.6483573913574219
C:\Users\ZhanYi\PycharmProjects\AiCustomer\ocr_test\img\image_4.jpg,image,C:\Users\ZhanYi\PycharmProjects\AiCustomer\ocr_test\img\image_35.jpg,image,0.9041891098022461
C:\Users\ZhanYi\PycharmProjects\AiCustomer\ocr_test\img\image_4.jpg,image,C:\Users\ZhanYi\PycharmProjects\AiCustomer\ocr_test\img\image_24.jpg,image,0.890214204788208
C:\Users\ZhanYi\PycharmProjects\AiCustomer\ocr_test\img\image_4.jpg,image,C:\Users\ZhanYi\PycharmProjects\AiCustomer\ocr_test\img\image_8.jpg,image,0.8810141086578369
C:\Users\ZhanYi\PycharmProjects\AiCustomer\ocr_test\img\image_4.jpg,image,C:\Users\ZhanYi\PycharmProjects\AiCustomer\ocr_test\img\image_28.jpg,image,0.8796738386154175
C:\Users\ZhanYi\PycharmProjects\AiCustomer\ocr_test\img\image_40.jpg,image,C:\Users\ZhanYi\PycharmProjects\AiCustomer\ocr_test\img\image_66.jpg,image,0.7605578899383545
C:\Users\ZhanYi\PycharmProjects\AiCustomer\ocr_test\img\image_40.jpg,image,C:\Users\ZhanYi\PycharmProjects\AiCustomer\ocr_test\img\image_56.jpg,image,0.7522519826889038
C:\Users\ZhanYi\PycharmProjects\AiCustomer\ocr_test\img\image_40.jpg,image,C:\Users\ZhanYi\PycharmProjects\AiCustomer\ocr_test\img\image_60.jpg,image,0.7490081787109375
C:\Users\ZhanYi\PycharmProjects\AiCustomer\ocr_test\img\image_40.jpg,image,C:\Users\ZhanYi\PycharmProjects\AiCustomer\ocr_test\img\image_49.jpg,image,0.7403592467308044
C:\Users\ZhanYi\PycharmProjects\AiCustomer\ocr_test\img\image_40.jpg,image,C:\Users\ZhanYi\PycharmProjects\AiCustomer\ocr_test\img\image_9.jpg,image,0.7368829250335693
C:\Users\ZhanYi\PycharmProjects\AiCustomer\ocr_test\img\image_41.jpg,image,C:\Users\ZhanYi\PycharmProjects\AiCustomer\ocr_test\img\image_8.jpg,image,0.9108021855354309
C:\Users\ZhanYi\PycharmProjects\AiCustomer\ocr_test\img\image_41.jpg,image,C:\Users\ZhanYi\PycharmProjects\AiCustomer\ocr_test\img\image_69.jpg,image,0.9068650007247925
C:\Users\ZhanYi\PycharmProjects\AiCustomer\ocr_test\img\image_41.jpg,image,C:\Users\ZhanYi\PycharmProjects\AiCustomer\ocr_test\img\image_38.jpg,image,0.8993720412254333
C:\Users\ZhanYi\PycharmProjects\AiCustomer\ocr_test\img\image_41.jpg,image,C:\Users\ZhanYi\PycharmProjects\AiCustomer\ocr_test\img\image_58.jpg,image,0.891291618347168
C:\Users\ZhanYi\PycharmProjects\AiCustomer\ocr_test\img\image_42.jpg,image,C:\Users\ZhanYi\PycharmProjects\AiCustomer\ocr_test\img\image_76.jpg,image,0.8514795303344727
C:\Users\ZhanYi\PycharmProjects\AiCustomer\ocr_test\img\image_42.jpg,image,C:\Users\ZhanYi\PycharmProjects\AiCustomer\ocr_test\img\image_65.jpg,image,0.7921019792556763
C:\Users\ZhanYi\PycharmProjects\AiCustomer\ocr_test\img\image_42.jpg,image,C:\Users\ZhanYi\PycharmProjects\AiCustomer\ocr_test\img\image_37.jpg,image,0.7878105044364929
C:\Users\ZhanYi\PycharmProjects\AiCustomer\ocr_test\img\image_42.jpg,image,C:\Users\ZhanYi\PycharmProjects\AiCustomer\ocr_test\img\image_85.jpg,image,0.7827759981155396
C:\Users\ZhanYi\PycharmProjects\AiCustomer\ocr_test\img\image_42.jpg,image,C:\Users\ZhanYi\PycharmProjects\AiCustomer\ocr_test\img\547af5fc702993993b3ccabd789c598734f3c9f3244f0b21e276168e9cd55e02.png,image,0.7786692380905151
C:\Users\ZhanYi\PycharmProjects\AiCustomer\ocr_test\img\image_43.jpg,image,C:\Users\ZhanYi\PycharmProjects\AiCustomer\ocr_test\img\error\image_94.jpg,image,0.7004378437995911
C:\Users\ZhanYi\PycharmProjects\AiCustomer\ocr_test\img\image_43.jpg,image,C:\Users\ZhanYi\PycharmProjects\AiCustomer\ocr_test\img\image_94.jpg,image,0.7004378437995911
C:\Users\ZhanYi\PycharmProjects\AiCustomer\ocr_test\img\image_43.jpg,image,C:\Users\ZhanYi\PycharmProjects\AiCustomer\ocr_test\img\image_15.jpg,image,0.6893123984336853
C:\Users\ZhanYi\PycharmProjects\AiCustomer\ocr_test\img\image_43.jpg,image,C:\Users\ZhanYi\PycharmProjects\AiCustomer\ocr_test\img\image_8.jpg,image,0.6783462762832642
C:\Users\ZhanYi\PycharmProjects\AiCustomer\ocr_test\img\image_43.jpg,image,C:\Users\ZhanYi\PycharmProjects\AiCustomer\ocr_test\img\image_97.jpg,image,0.6776360273361206
C:\Users\ZhanYi\PycharmProjects\AiCustomer\ocr_test\img\image_44.jpg,image,C:\Users\ZhanYi\PycharmProjects\AiCustomer\ocr_test\img\image_98.jpg,image,0.9934227466583252
C:\Users\ZhanYi\PycharmProjects\AiCustomer\ocr_test\img\image_44.jpg,image,C:\Users\ZhanYi\PycharmProjects\AiCustomer\ocr_test\img\image_99.jpg,image,0.9521054625511169
C:\Users\ZhanYi\PycharmProjects\AiCustomer\ocr_test\img\image_44.jpg,image,C:\Users\ZhanYi\PycharmProjects\AiCustomer\ocr_test\img\image_76.jpg,image,0.7821067571640015
C:\Users\ZhanYi\PycharmProjects\AiCustomer\ocr_test\img\image_45.png,image,C:\Users\ZhanYi\PycharmProjects\AiCustomer\ocr_test\img\error\image_45.png,image,0.9999999403953552
C:\Users\ZhanYi\PycharmProjects\AiCustomer\ocr_test\img\image_45.png,image,C:\Users\ZhanYi\PycharmProjects\AiCustomer\ocr_test\img\image_6.jpg,image,0.7796816825866699
C:\Users\ZhanYi\PycharmProjects\AiCustomer\ocr_test\img\image_45.png,image,C:\Users\ZhanYi\PycharmProjects\AiCustomer\ocr_test\img\image_59.jpg,image,0.7465763092041016
C:\Users\ZhanYi\PycharmProjects\AiCustomer\ocr_test\img\image_45.png,image,C:\Users\ZhanYi\PycharmProjects\AiCustomer\ocr_test\img\image_84.jpg,image,0.7438983917236328
C:\Users\ZhanYi\PycharmProjects\AiCustomer\ocr_test\img\image_45.png,image,C:\Users\ZhanYi\PycharmProjects\AiCustomer\ocr_test\img\image_10.jpg,image,0.7436910271644592
C:\Users\ZhanYi\PycharmProjects\AiCustomer\ocr_test\img\image_46.png,image,C:\Users\ZhanYi\PycharmProjects\AiCustomer\ocr_test\img\image_97.jpg,image,0.7463549375534058
C:\Users\ZhanYi\PycharmProjects\AiCustomer\ocr_test\img\image_46.png,image,C:\Users\ZhanYi\PycharmProjects\AiCustomer\ocr_test\img\image_21.jpg,image,0.7280904054641724
C:\Users\ZhanYi\PycharmProjects\AiCustomer\ocr_test\img\image_46.png,image,C:\Users\ZhanYi\PycharmProjects\AiCustomer\ocr_test\img\image_17.jpeg,image,0.6708176136016846
C:\Users\ZhanYi\PycharmProjects\AiCustomer\ocr_test\img\image_46.png,image,C:\Users\ZhanYi\PycharmProjects\AiCustomer\ocr_test\img\image_7.jpg,image,0.6607685685157776
C:\Users\ZhanYi\PycharmProjects\AiCustomer\ocr_test\img\image_47.jpg,image,C:\Users\ZhanYi\PycharmProjects\AiCustomer\ocr_test\img\image_35.jpg,image,0.7496752738952637
C:\Users\ZhanYi\PycharmProjects\AiCustomer\ocr_test\img\image_47.jpg,image,C:\Users\ZhanYi\PycharmProjects\AiCustomer\ocr_test\img\image_86.jpg,image,0.7292017936706543
C:\Users\ZhanYi\PycharmProjects\AiCustomer\ocr_test\img\image_47.jpg,image,C:\Users\ZhanYi\PycharmProjects\AiCustomer\ocr_test\img\image_92.jpg,image,0.7188705205917358
C:\Users\ZhanYi\PycharmProjects\AiCustomer\ocr_test\img\image_47.jpg,image,C:\Users\ZhanYi\PycharmProjects\AiCustomer\ocr_test\img\image_64.jpg,image,0.7188705205917358
C:\Users\ZhanYi\PycharmProjects\AiCustomer\ocr_test\img\image_47.jpg,image,C:\Users\ZhanYi\PycharmProjects\AiCustomer\ocr_test\img\image_24.jpg,image,0.7137489914894104
C:\Users\ZhanYi\PycharmProjects\AiCustomer\ocr_test\img\image_48.jpg,image,C:\Users\ZhanYi\PycharmProjects\AiCustomer\ocr_test\img\error\image_48.jpg,image,1.000000238418579
C:\Users\ZhanYi\PycharmProjects\AiCustomer\ocr_test\img\image_48.jpg,image,C:\Users\ZhanYi\PycharmProjects\AiCustomer\ocr_test\img\image_14.png,image,0.6145366430282593
C:\Users\ZhanYi\PycharmProjects\AiCustomer\ocr_test\img\image_48.jpg,image,C:\Users\ZhanYi\PycharmProjects\AiCustomer\ocr_test\img\image_92.jpg,image,0.6096693873405457
C:\Users\ZhanYi\PycharmProjects\AiCustomer\ocr_test\img\image_48.jpg,image,C:\Users\ZhanYi\PycharmProjects\AiCustomer\ocr_test\img\image_64.jpg,image,0.6096693873405457
C:\Users\ZhanYi\PycharmProjects\AiCustomer\ocr_test\img\image_49.jpg,image,C:\Users\ZhanYi\PycharmProjects\AiCustomer\ocr_test\img\image_56.jpg,image,0.799134373664856
C:\Users\ZhanYi\PycharmProjects\AiCustomer\ocr_test\img\image_49.jpg,image,C:\Users\ZhanYi\PycharmProjects\AiCustomer\ocr_test\img\image_66.jpg,image,0.7879865169525146
C:\Users\ZhanYi\PycharmProjects\AiCustomer\ocr_test\img\image_49.jpg,image,C:\Users\ZhanYi\PycharmProjects\AiCustomer\ocr_test\img\image_84.jpg,image,0.7690867781639099
C:\Users\ZhanYi\PycharmProjects\AiCustomer\ocr_test\img\image_49.jpg,image,C:\Users\ZhanYi\PycharmProjects\AiCustomer\ocr_test\img\image_54.jpg,image,0.761325478553772
C:\Users\ZhanYi\PycharmProjects\AiCustomer\ocr_test\img\image_49.jpg,image,C:\Users\ZhanYi\PycharmProjects\AiCustomer\ocr_test\img\image_6.jpg,image,0.7536065578460693
C:\Users\ZhanYi\PycharmProjects\AiCustomer\ocr_test\img\image_5.jpg,image,C:\Users\ZhanYi\PycharmProjects\AiCustomer\ocr_test\img\image_84.jpg,image,0.8039131164550781
C:\Users\ZhanYi\PycharmProjects\AiCustomer\ocr_test\img\image_5.jpg,image,C:\Users\ZhanYi\PycharmProjects\AiCustomer\ocr_test\img\image_93.jpg,image,0.7898573279380798
C:\Users\ZhanYi\PycharmProjects\AiCustomer\ocr_test\img\image_5.jpg,image,C:\Users\ZhanYi\PycharmProjects\AiCustomer\ocr_test\img\image_36.jpg,image,0.7898573279380798
C:\Users\ZhanYi\PycharmProjects\AiCustomer\ocr_test\img\image_5.jpg,image,C:\Users\ZhanYi\PycharmProjects\AiCustomer\ocr_test\img\image_10.jpg,image,0.7821086645126343
C:\Users\ZhanYi\PycharmProjects\AiCustomer\ocr_test\img\image_5.jpg,image,C:\Users\ZhanYi\PycharmProjects\AiCustomer\ocr_test\img\image_54.jpg,image,0.7683749794960022
C:\Users\ZhanYi\PycharmProjects\AiCustomer\ocr_test\img\image_50.jpg,image,C:\Users\ZhanYi\PycharmProjects\AiCustomer\ocr_test\img\image_90.jpg,image,0.7709236145019531
C:\Users\ZhanYi\PycharmProjects\AiCustomer\ocr_test\img\image_50.jpg,image,C:\Users\ZhanYi\PycharmProjects\AiCustomer\ocr_test\img\image_60.jpg,image,0.7540072798728943
C:\Users\ZhanYi\PycharmProjects\AiCustomer\ocr_test\img\image_50.jpg,image,C:\Users\ZhanYi\PycharmProjects\AiCustomer\ocr_test\img\image_6.jpg,image,0.7538614273071289
C:\Users\ZhanYi\PycharmProjects\AiCustomer\ocr_test\img\image_50.jpg,image,C:\Users\ZhanYi\PycharmProjects\AiCustomer\ocr_test\img\image_84.jpg,image,0.7528440356254578
C:\Users\ZhanYi\PycharmProjects\AiCustomer\ocr_test\img\image_50.jpg,image,C:\Users\ZhanYi\PycharmProjects\AiCustomer\ocr_test\img\image_49.jpg,image,0.7512792348861694
C:\Users\ZhanYi\PycharmProjects\AiCustomer\ocr_test\img\image_51.png,image,C:\Users\ZhanYi\PycharmProjects\AiCustomer\ocr_test\img\image_50.jpg,image,0.7479177713394165
C:\Users\ZhanYi\PycharmProjects\AiCustomer\ocr_test\img\image_51.png,image,C:\Users\ZhanYi\PycharmProjects\AiCustomer\ocr_test\img\image_66.jpg,image,0.7426509857177734
C:\Users\ZhanYi\PycharmProjects\AiCustomer\ocr_test\img\image_51.png,image,C:\Users\ZhanYi\PycharmProjects\AiCustomer\ocr_test\img\image_49.jpg,image,0.7421004772186279
C:\Users\ZhanYi\PycharmProjects\AiCustomer\ocr_test\img\image_51.png,image,C:\Users\ZhanYi\PycharmProjects\AiCustomer\ocr_test\img\image_6.jpg,image,0.7367733716964722
C:\Users\ZhanYi\PycharmProjects\AiCustomer\ocr_test\img\image_51.png,image,C:\Users\ZhanYi\PycharmProjects\AiCustomer\ocr_test\img\image_90.jpg,image,0.7243245840072632
C:\Users\ZhanYi\PycharmProjects\AiCustomer\ocr_test\img\image_52.jpg,image,C:\Users\ZhanYi\PycharmProjects\AiCustomer\ocr_test\img\image_80.jpg,image,0.5209680795669556
C:\Users\ZhanYi\PycharmProjects\AiCustomer\ocr_test\img\image_52.jpg,image,C:\Users\ZhanYi\PycharmProjects\AiCustomer\ocr_test\img\image_11.jpg,image,0.5073087215423584
C:\Users\ZhanYi\PycharmProjects\AiCustomer\ocr_test\img\image_52.jpg,image,C:\Users\ZhanYi\PycharmProjects\AiCustomer\ocr_test\img\image_42.jpg,image,0.5071979761123657
C:\Users\ZhanYi\PycharmProjects\AiCustomer\ocr_test\img\image_52.jpg,image,C:\Users\ZhanYi\PycharmProjects\AiCustomer\ocr_test\img\image_39.jpg,image,0.5049233436584473
C:\Users\ZhanYi\PycharmProjects\AiCustomer\ocr_test\img\image_52.jpg,image,C:\Users\ZhanYi\PycharmProjects\AiCustomer\ocr_test\img\image_67.jpg,image,0.5006873607635498
C:\Users\ZhanYi\PycharmProjects\AiCustomer\ocr_test\img\image_53.jpg,image,C:\Users\ZhanYi\PycharmProjects\AiCustomer\ocr_test\img\image_75.jpg,image,0.851743757724762
C:\Users\ZhanYi\PycharmProjects\AiCustomer\ocr_test\img\image_53.jpg,image,C:\Users\ZhanYi\PycharmProjects\AiCustomer\ocr_test\img\image_69.jpg,image,0.8515950441360474
C:\Users\ZhanYi\PycharmProjects\AiCustomer\ocr_test\img\image_53.jpg,image,C:\Users\ZhanYi\PycharmProjects\AiCustomer\ocr_test\img\image_35.jpg,image,0.828345775604248
C:\Users\ZhanYi\PycharmProjects\AiCustomer\ocr_test\img\image_53.jpg,image,C:\Users\ZhanYi\PycharmProjects\AiCustomer\ocr_test\img\image_28.jpg,image,0.8235793113708496
C:\Users\ZhanYi\PycharmProjects\AiCustomer\ocr_test\img\image_53.jpg,image,C:\Users\ZhanYi\PycharmProjects\AiCustomer\ocr_test\img\image_18.jpg,image,0.8233934640884399
C:\Users\ZhanYi\PycharmProjects\AiCustomer\ocr_test\img\image_54.jpg,image,C:\Users\ZhanYi\PycharmProjects\AiCustomer\ocr_test\img\image_6.jpg,image,0.848440408706665
C:\Users\ZhanYi\PycharmProjects\AiCustomer\ocr_test\img\image_54.jpg,image,C:\Users\ZhanYi\PycharmProjects\AiCustomer\ocr_test\img\image_84.jpg,image,0.8367968797683716
C:\Users\ZhanYi\PycharmProjects\AiCustomer\ocr_test\img\image_54.jpg,image,C:\Users\ZhanYi\PycharmProjects\AiCustomer\ocr_test\img\image_93.jpg,image,0.8087356090545654
C:\Users\ZhanYi\PycharmProjects\AiCustomer\ocr_test\img\image_54.jpg,image,C:\Users\ZhanYi\PycharmProjects\AiCustomer\ocr_test\img\image_36.jpg,image,0.8087356090545654
C:\Users\ZhanYi\PycharmProjects\AiCustomer\ocr_test\img\image_55.jpg,image,C:\Users\ZhanYi\PycharmProjects\AiCustomer\ocr_test\img\image_68.jpg,image,0.7972029447555542
C:\Users\ZhanYi\PycharmProjects\AiCustomer\ocr_test\img\image_55.jpg,image,C:\Users\ZhanYi\PycharmProjects\AiCustomer\ocr_test\img\image_15.jpg,image,0.7949646711349487
C:\Users\ZhanYi\PycharmProjects\AiCustomer\ocr_test\img\image_55.jpg,image,C:\Users\ZhanYi\PycharmProjects\AiCustomer\ocr_test\img\image_69.jpg,image,0.7913408875465393
C:\Users\ZhanYi\PycharmProjects\AiCustomer\ocr_test\img\image_56.jpg,image,C:\Users\ZhanYi\PycharmProjects\AiCustomer\ocr_test\img\image_66.jpg,image,0.9331825971603394
C:\Users\ZhanYi\PycharmProjects\AiCustomer\ocr_test\img\image_56.jpg,image,C:\Users\ZhanYi\PycharmProjects\AiCustomer\ocr_test\img\image_60.jpg,image,0.7599872350692749
C:\Users\ZhanYi\PycharmProjects\AiCustomer\ocr_test\img\image_56.jpg,image,C:\Users\ZhanYi\PycharmProjects\AiCustomer\ocr_test\img\image_36.jpg,image,0.7362951040267944
C:\Users\ZhanYi\PycharmProjects\AiCustomer\ocr_test\img\image_57.jpg,image,C:\Users\ZhanYi\PycharmProjects\AiCustomer\ocr_test\img\image_38.jpg,image,0.7401447296142578
C:\Users\ZhanYi\PycharmProjects\AiCustomer\ocr_test\img\image_57.jpg,image,C:\Users\ZhanYi\PycharmProjects\AiCustomer\ocr_test\img\image_69.jpg,image,0.7358125448226929
C:\Users\ZhanYi\PycharmProjects\AiCustomer\ocr_test\img\image_57.jpg,image,C:\Users\ZhanYi\PycharmProjects\AiCustomer\ocr_test\img\image_24.jpg,image,0.7352297306060791
C:\Users\ZhanYi\PycharmProjects\AiCustomer\ocr_test\img\image_57.jpg,image,C:\Users\ZhanYi\PycharmProjects\AiCustomer\ocr_test\img\image_81.png,image,0.7326347827911377
C:\Users\ZhanYi\PycharmProjects\AiCustomer\ocr_test\img\image_57.jpg,image,C:\Users\ZhanYi\PycharmProjects\AiCustomer\ocr_test\img\image_41.jpg,image,0.7284082770347595
C:\Users\ZhanYi\PycharmProjects\AiCustomer\ocr_test\img\image_58.jpg,image,C:\Users\ZhanYi\PycharmProjects\AiCustomer\ocr_test\img\image_69.jpg,image,0.9103743433952332
C:\Users\ZhanYi\PycharmProjects\AiCustomer\ocr_test\img\image_58.jpg,image,C:\Users\ZhanYi\PycharmProjects\AiCustomer\ocr_test\img\image_8.jpg,image,0.8785082697868347
C:\Users\ZhanYi\PycharmProjects\AiCustomer\ocr_test\img\image_58.jpg,image,C:\Users\ZhanYi\PycharmProjects\AiCustomer\ocr_test\img\image_38.jpg,image,0.8656576871871948
C:\Users\ZhanYi\PycharmProjects\AiCustomer\ocr_test\img\image_59.jpg,image,C:\Users\ZhanYi\PycharmProjects\AiCustomer\ocr_test\img\image_6.jpg,image,0.8071502447128296
C:\Users\ZhanYi\PycharmProjects\AiCustomer\ocr_test\img\image_59.jpg,image,C:\Users\ZhanYi\PycharmProjects\AiCustomer\ocr_test\img\image_84.jpg,image,0.7490615248680115
C:\Users\ZhanYi\PycharmProjects\AiCustomer\ocr_test\img\image_59.jpg,image,C:\Users\ZhanYi\PycharmProjects\AiCustomer\ocr_test\img\error\image_45.png,image,0.7465763092041016
C:\Users\ZhanYi\PycharmProjects\AiCustomer\ocr_test\img\image_59.jpg,image,C:\Users\ZhanYi\PycharmProjects\AiCustomer\ocr_test\img\image_15.jpg,image,0.7407992482185364
C:\Users\ZhanYi\PycharmProjects\AiCustomer\ocr_test\img\image_6.jpg,image,C:\Users\ZhanYi\PycharmProjects\AiCustomer\ocr_test\img\image_93.jpg,image,0.824511706829071
C:\Users\ZhanYi\PycharmProjects\AiCustomer\ocr_test\img\image_6.jpg,image,C:\Users\ZhanYi\PycharmProjects\AiCustomer\ocr_test\img\image_84.jpg,image,0.8195803165435791
C:\Users\ZhanYi\PycharmProjects\AiCustomer\ocr_test\img\image_60.jpg,image,C:\Users\ZhanYi\PycharmProjects\AiCustomer\ocr_test\img\image_66.jpg,image,0.7802312970161438
C:\Users\ZhanYi\PycharmProjects\AiCustomer\ocr_test\img\image_60.jpg,image,C:\Users\ZhanYi\PycharmProjects\AiCustomer\ocr_test\img\image_84.jpg,image,0.7756168842315674
C:\Users\ZhanYi\PycharmProjects\AiCustomer\ocr_test\img\image_60.jpg,image,C:\Users\ZhanYi\PycharmProjects\AiCustomer\ocr_test\img\image_6.jpg,image,0.7701979875564575
C:\Users\ZhanYi\PycharmProjects\AiCustomer\ocr_test\img\image_61.jpg,image,C:\Users\ZhanYi\PycharmProjects\AiCustomer\ocr_test\img\image_84.jpg,image,0.7507364749908447
C:\Users\ZhanYi\PycharmProjects\AiCustomer\ocr_test\img\image_61.jpg,image,C:\Users\ZhanYi\PycharmProjects\AiCustomer\ocr_test\img\image_56.jpg,image,0.7313351631164551
C:\Users\ZhanYi\PycharmProjects\AiCustomer\ocr_test\img\image_61.jpg,image,C:\Users\ZhanYi\PycharmProjects\AiCustomer\ocr_test\img\image_93.jpg,image,0.7269036173820496
C:\Users\ZhanYi\PycharmProjects\AiCustomer\ocr_test\img\image_61.jpg,image,C:\Users\ZhanYi\PycharmProjects\AiCustomer\ocr_test\img\image_36.jpg,image,0.7269036173820496
C:\Users\ZhanYi\PycharmProjects\AiCustomer\ocr_test\img\image_62.jpg,image,C:\Users\ZhanYi\PycharmProjects\AiCustomer\ocr_test\img\image_37.jpg,image,0.8274954557418823
C:\Users\ZhanYi\PycharmProjects\AiCustomer\ocr_test\img\image_62.jpg,image,C:\Users\ZhanYi\PycharmProjects\AiCustomer\ocr_test\img\image_65.jpg,image,0.8015725016593933
C:\Users\ZhanYi\PycharmProjects\AiCustomer\ocr_test\img\image_62.jpg,image,C:\Users\ZhanYi\PycharmProjects\AiCustomer\ocr_test\img\image_85.jpg,image,0.7975006103515625
C:\Users\ZhanYi\PycharmProjects\AiCustomer\ocr_test\img\image_62.jpg,image,C:\Users\ZhanYi\PycharmProjects\AiCustomer\ocr_test\img\c088f273af9079b175766328f726858c384284127729021fee982b7fd97c457a.jpg,image,0.7657425999641418
C:\Users\ZhanYi\PycharmProjects\AiCustomer\ocr_test\img\image_62.jpg,image,C:\Users\ZhanYi\PycharmProjects\AiCustomer\ocr_test\img\547af5fc702993993b3ccabd789c598734f3c9f3244f0b21e276168e9cd55e02.png,image,0.74532151222229
C:\Users\ZhanYi\PycharmProjects\AiCustomer\ocr_test\img\image_63.jpg,image,C:\Users\ZhanYi\PycharmProjects\AiCustomer\ocr_test\img\image_70.jpg,image,0.8859736323356628
C:\Users\ZhanYi\PycharmProjects\AiCustomer\ocr_test\img\image_63.jpg,image,C:\Users\ZhanYi\PycharmProjects\AiCustomer\ocr_test\img\image_74.jpg,image,0.7954672574996948
C:\Users\ZhanYi\PycharmProjects\AiCustomer\ocr_test\img\image_63.jpg,image,C:\Users\ZhanYi\PycharmProjects\AiCustomer\ocr_test\img\image_68.jpg,image,0.7827560901641846
C:\Users\ZhanYi\PycharmProjects\AiCustomer\ocr_test\img\image_64.jpg,image,C:\Users\ZhanYi\PycharmProjects\AiCustomer\ocr_test\img\image_92.jpg,image,0.9999997615814209
C:\Users\ZhanYi\PycharmProjects\AiCustomer\ocr_test\img\image_64.jpg,image,C:\Users\ZhanYi\PycharmProjects\AiCustomer\ocr_test\img\image_76.jpg,image,0.750857949256897
C:\Users\ZhanYi\PycharmProjects\AiCustomer\ocr_test\img\image_64.jpg,image,C:\Users\ZhanYi\PycharmProjects\AiCustomer\ocr_test\img\image_72.jpg,image,0.7422211766242981
C:\Users\ZhanYi\PycharmProjects\AiCustomer\ocr_test\img\image_64.jpg,image,C:\Users\ZhanYi\PycharmProjects\AiCustomer\ocr_test\img\image_55.jpg,image,0.7383350133895874
C:\Users\ZhanYi\PycharmProjects\AiCustomer\ocr_test\img\image_65.jpg,image,C:\Users\ZhanYi\PycharmProjects\AiCustomer\ocr_test\img\image_85.jpg,image,0.922570526599884
C:\Users\ZhanYi\PycharmProjects\AiCustomer\ocr_test\img\image_67.jpg,image,C:\Users\ZhanYi\PycharmProjects\AiCustomer\ocr_test\img\image_80.jpg,image,0.7695062160491943
C:\Users\ZhanYi\PycharmProjects\AiCustomer\ocr_test\img\image_67.jpg,image,C:\Users\ZhanYi\PycharmProjects\AiCustomer\ocr_test\img\image_55.jpg,image,0.7384870052337646
C:\Users\ZhanYi\PycharmProjects\AiCustomer\ocr_test\img\image_67.jpg,image,C:\Users\ZhanYi\PycharmProjects\AiCustomer\ocr_test\img\image_25.jpg,image,0.7384870052337646
C:\Users\ZhanYi\PycharmProjects\AiCustomer\ocr_test\img\image_67.jpg,image,C:\Users\ZhanYi\PycharmProjects\AiCustomer\ocr_test\img\image_68.jpg,image,0.732882559299469
C:\Users\ZhanYi\PycharmProjects\AiCustomer\ocr_test\img\image_67.jpg,image,C:\Users\ZhanYi\PycharmProjects\AiCustomer\ocr_test\img\image_1.jpg,image,0.7269601225852966
C:\Users\ZhanYi\PycharmProjects\AiCustomer\ocr_test\img\image_68.jpg,image,C:\Users\ZhanYi\PycharmProjects\AiCustomer\ocr_test\img\image_74.jpg,image,0.8279338479042053
C:\Users\ZhanYi\PycharmProjects\AiCustomer\ocr_test\img\image_69.jpg,image,C:\Users\ZhanYi\PycharmProjects\AiCustomer\ocr_test\img\image_8.jpg,image,0.899728536605835
C:\Users\ZhanYi\PycharmProjects\AiCustomer\ocr_test\img\image_7.jpg,image,C:\Users\ZhanYi\PycharmProjects\AiCustomer\ocr_test\img\image_97.jpg,image,0.8248485922813416
C:\Users\ZhanYi\PycharmProjects\AiCustomer\ocr_test\img\image_7.jpg,image,C:\Users\ZhanYi\PycharmProjects\AiCustomer\ocr_test\img\image_21.jpg,image,0.7572358846664429
C:\Users\ZhanYi\PycharmProjects\AiCustomer\ocr_test\img\image_7.jpg,image,C:\Users\ZhanYi\PycharmProjects\AiCustomer\ocr_test\img\error\image_94.jpg,image,0.7489582300186157
C:\Users\ZhanYi\PycharmProjects\AiCustomer\ocr_test\img\image_7.jpg,image,C:\Users\ZhanYi\PycharmProjects\AiCustomer\ocr_test\img\image_94.jpg,image,0.7489582300186157
C:\Users\ZhanYi\PycharmProjects\AiCustomer\ocr_test\img\image_70.jpg,image,C:\Users\ZhanYi\PycharmProjects\AiCustomer\ocr_test\img\image_74.jpg,image,0.8202698826789856
C:\Users\ZhanYi\PycharmProjects\AiCustomer\ocr_test\img\image_70.jpg,image,C:\Users\ZhanYi\PycharmProjects\AiCustomer\ocr_test\img\image_68.jpg,image,0.7857967615127563
C:\Users\ZhanYi\PycharmProjects\AiCustomer\ocr_test\img\image_71.png,image,C:\Users\ZhanYi\PycharmProjects\AiCustomer\ocr_test\img\image_24.jpg,image,0.8906402587890625
C:\Users\ZhanYi\PycharmProjects\AiCustomer\ocr_test\img\image_71.png,image,C:\Users\ZhanYi\PycharmProjects\AiCustomer\ocr_test\img\image_35.jpg,image,0.8805137872695923
C:\Users\ZhanYi\PycharmProjects\AiCustomer\ocr_test\img\image_71.png,image,C:\Users\ZhanYi\PycharmProjects\AiCustomer\ocr_test\img\image_28.jpg,image,0.8634322881698608
C:\Users\ZhanYi\PycharmProjects\AiCustomer\ocr_test\img\image_71.png,image,C:\Users\ZhanYi\PycharmProjects\AiCustomer\ocr_test\img\image_18.jpg,image,0.8557827472686768
C:\Users\ZhanYi\PycharmProjects\AiCustomer\ocr_test\img\image_71.png,image,C:\Users\ZhanYi\PycharmProjects\AiCustomer\ocr_test\img\image_4.jpg,image,0.8492352962493896
C:\Users\ZhanYi\PycharmProjects\AiCustomer\ocr_test\img\image_72.jpg,image,C:\Users\ZhanYi\PycharmProjects\AiCustomer\ocr_test\img\image_76.jpg,image,0.8563096523284912
C:\Users\ZhanYi\PycharmProjects\AiCustomer\ocr_test\img\image_72.jpg,image,C:\Users\ZhanYi\PycharmProjects\AiCustomer\ocr_test\img\image_42.jpg,image,0.7642235159873962
C:\Users\ZhanYi\PycharmProjects\AiCustomer\ocr_test\img\image_72.jpg,image,C:\Users\ZhanYi\PycharmProjects\AiCustomer\ocr_test\img\image_12.jpg,image,0.7480237483978271
C:\Users\ZhanYi\PycharmProjects\AiCustomer\ocr_test\img\image_73.jpg,image,C:\Users\ZhanYi\PycharmProjects\AiCustomer\ocr_test\img\image_24.jpg,image,0.9010376930236816
C:\Users\ZhanYi\PycharmProjects\AiCustomer\ocr_test\img\image_73.jpg,image,C:\Users\ZhanYi\PycharmProjects\AiCustomer\ocr_test\img\image_28.jpg,image,0.8900209665298462
C:\Users\ZhanYi\PycharmProjects\AiCustomer\ocr_test\img\image_73.jpg,image,C:\Users\ZhanYi\PycharmProjects\AiCustomer\ocr_test\img\image_8.jpg,image,0.8827358484268188
C:\Users\ZhanYi\PycharmProjects\AiCustomer\ocr_test\img\image_73.jpg,image,C:\Users\ZhanYi\PycharmProjects\AiCustomer\ocr_test\img\image_35.jpg,image,0.8814632892608643
C:\Users\ZhanYi\PycharmProjects\AiCustomer\ocr_test\img\image_73.jpg,image,C:\Users\ZhanYi\PycharmProjects\AiCustomer\ocr_test\img\image_13.jpg,image,0.8719334006309509
C:\Users\ZhanYi\PycharmProjects\AiCustomer\ocr_test\img\image_75.jpg,image,C:\Users\ZhanYi\PycharmProjects\AiCustomer\ocr_test\img\image_91.jpg,image,0.8937551975250244
C:\Users\ZhanYi\PycharmProjects\AiCustomer\ocr_test\img\image_75.jpg,image,C:\Users\ZhanYi\PycharmProjects\AiCustomer\ocr_test\img\image_35.jpg,image,0.8824493288993835
C:\Users\ZhanYi\PycharmProjects\AiCustomer\ocr_test\img\image_75.jpg,image,C:\Users\ZhanYi\PycharmProjects\AiCustomer\ocr_test\img\image_82.jpg,image,0.88015216588974
C:\Users\ZhanYi\PycharmProjects\AiCustomer\ocr_test\img\image_76.jpg,image,C:\Users\ZhanYi\PycharmProjects\AiCustomer\ocr_test\img\image_99.jpg,image,0.788837730884552
C:\Users\ZhanYi\PycharmProjects\AiCustomer\ocr_test\img\image_76.jpg,image,C:\Users\ZhanYi\PycharmProjects\AiCustomer\ocr_test\img\image_31.jpg,image,0.7886798977851868
C:\Users\ZhanYi\PycharmProjects\AiCustomer\ocr_test\img\image_77.jpg,image,C:\Users\ZhanYi\PycharmProjects\AiCustomer\ocr_test\img\image_85.jpg,image,0.8048299551010132
C:\Users\ZhanYi\PycharmProjects\AiCustomer\ocr_test\img\image_77.jpg,image,C:\Users\ZhanYi\PycharmProjects\AiCustomer\ocr_test\img\image_37.jpg,image,0.7782813906669617
C:\Users\ZhanYi\PycharmProjects\AiCustomer\ocr_test\img\image_77.jpg,image,C:\Users\ZhanYi\PycharmProjects\AiCustomer\ocr_test\img\c088f273af9079b175766328f726858c384284127729021fee982b7fd97c457a.jpg,image,0.7741032838821411
C:\Users\ZhanYi\PycharmProjects\AiCustomer\ocr_test\img\image_77.jpg,image,C:\Users\ZhanYi\PycharmProjects\AiCustomer\ocr_test\img\547af5fc702993993b3ccabd789c598734f3c9f3244f0b21e276168e9cd55e02.png,image,0.7721322774887085
C:\Users\ZhanYi\PycharmProjects\AiCustomer\ocr_test\img\image_77.jpg,image,C:\Users\ZhanYi\PycharmProjects\AiCustomer\ocr_test\img\image_65.jpg,image,0.7656887173652649
C:\Users\ZhanYi\PycharmProjects\AiCustomer\ocr_test\img\image_78.jpg,image,C:\Users\ZhanYi\PycharmProjects\AiCustomer\ocr_test\img\image_28.jpg,image,0.8564490079879761
C:\Users\ZhanYi\PycharmProjects\AiCustomer\ocr_test\img\image_78.jpg,image,C:\Users\ZhanYi\PycharmProjects\AiCustomer\ocr_test\img\image_18.jpg,image,0.847075879573822
C:\Users\ZhanYi\PycharmProjects\AiCustomer\ocr_test\img\image_78.jpg,image,C:\Users\ZhanYi\PycharmProjects\AiCustomer\ocr_test\img\image_75.jpg,image,0.844721794128418
C:\Users\ZhanYi\PycharmProjects\AiCustomer\ocr_test\img\image_78.jpg,image,C:\Users\ZhanYi\PycharmProjects\AiCustomer\ocr_test\img\image_91.jpg,image,0.8402014970779419
C:\Users\ZhanYi\PycharmProjects\AiCustomer\ocr_test\img\image_78.jpg,image,C:\Users\ZhanYi\PycharmProjects\AiCustomer\ocr_test\img\image_79.jpg,image,0.8353094458580017
C:\Users\ZhanYi\PycharmProjects\AiCustomer\ocr_test\img\image_79.jpg,image,C:\Users\ZhanYi\PycharmProjects\AiCustomer\ocr_test\img\image_91.jpg,image,0.8412189483642578
C:\Users\ZhanYi\PycharmProjects\AiCustomer\ocr_test\img\image_79.jpg,image,C:\Users\ZhanYi\PycharmProjects\AiCustomer\ocr_test\img\image_18.jpg,image,0.8311580419540405
C:\Users\ZhanYi\PycharmProjects\AiCustomer\ocr_test\img\image_79.jpg,image,C:\Users\ZhanYi\PycharmProjects\AiCustomer\ocr_test\img\image_28.jpg,image,0.8272579908370972
C:\Users\ZhanYi\PycharmProjects\AiCustomer\ocr_test\img\image_80.jpg,image,C:\Users\ZhanYi\PycharmProjects\AiCustomer\ocr_test\img\image_86.jpg,image,0.7284679412841797
C:\Users\ZhanYi\PycharmProjects\AiCustomer\ocr_test\img\image_80.jpg,image,C:\Users\ZhanYi\PycharmProjects\AiCustomer\ocr_test\img\image_58.jpg,image,0.7247248888015747
C:\Users\ZhanYi\PycharmProjects\AiCustomer\ocr_test\img\image_80.jpg,image,C:\Users\ZhanYi\PycharmProjects\AiCustomer\ocr_test\img\image_15.jpg,image,0.7240676283836365
C:\Users\ZhanYi\PycharmProjects\AiCustomer\ocr_test\img\image_80.jpg,image,C:\Users\ZhanYi\PycharmProjects\AiCustomer\ocr_test\img\image_82.jpg,image,0.7227191925048828
C:\Users\ZhanYi\PycharmProjects\AiCustomer\ocr_test\img\image_81.png,image,C:\Users\ZhanYi\PycharmProjects\AiCustomer\ocr_test\img\image_89.jpg,image,0.7829592227935791
C:\Users\ZhanYi\PycharmProjects\AiCustomer\ocr_test\img\image_81.png,image,C:\Users\ZhanYi\PycharmProjects\AiCustomer\ocr_test\img\image_55.jpg,image,0.7281578779220581
C:\Users\ZhanYi\PycharmProjects\AiCustomer\ocr_test\img\image_81.png,image,C:\Users\ZhanYi\PycharmProjects\AiCustomer\ocr_test\img\image_25.jpg,image,0.7281578779220581
C:\Users\ZhanYi\PycharmProjects\AiCustomer\ocr_test\img\image_81.png,image,C:\Users\ZhanYi\PycharmProjects\AiCustomer\ocr_test\img\image_41.jpg,image,0.7149229645729065
C:\Users\ZhanYi\PycharmProjects\AiCustomer\ocr_test\img\image_82.jpg,image,C:\Users\ZhanYi\PycharmProjects\AiCustomer\ocr_test\img\image_24.jpg,image,0.9016740322113037
C:\Users\ZhanYi\PycharmProjects\AiCustomer\ocr_test\img\image_82.jpg,image,C:\Users\ZhanYi\PycharmProjects\AiCustomer\ocr_test\img\image_8.jpg,image,0.8998651504516602
C:\Users\ZhanYi\PycharmProjects\AiCustomer\ocr_test\img\image_82.jpg,image,C:\Users\ZhanYi\PycharmProjects\AiCustomer\ocr_test\img\image_35.jpg,image,0.8915276527404785
C:\Users\ZhanYi\PycharmProjects\AiCustomer\ocr_test\img\image_82.jpg,image,C:\Users\ZhanYi\PycharmProjects\AiCustomer\ocr_test\img\image_28.jpg,image,0.8815540075302124
C:\Users\ZhanYi\PycharmProjects\AiCustomer\ocr_test\img\image_83.jpg,image,C:\Users\ZhanYi\PycharmProjects\AiCustomer\ocr_test\img\image_53.jpg,image,0.7659198045730591
C:\Users\ZhanYi\PycharmProjects\AiCustomer\ocr_test\img\image_83.jpg,image,C:\Users\ZhanYi\PycharmProjects\AiCustomer\ocr_test\img\image_87.jpg,image,0.7636587619781494
C:\Users\ZhanYi\PycharmProjects\AiCustomer\ocr_test\img\image_83.jpg,image,C:\Users\ZhanYi\PycharmProjects\AiCustomer\ocr_test\img\image_15.jpg,image,0.7571398019790649
C:\Users\ZhanYi\PycharmProjects\AiCustomer\ocr_test\img\image_83.jpg,image,C:\Users\ZhanYi\PycharmProjects\AiCustomer\ocr_test\img\image_82.jpg,image,0.7506858110427856
C:\Users\ZhanYi\PycharmProjects\AiCustomer\ocr_test\img\image_83.jpg,image,C:\Users\ZhanYi\PycharmProjects\AiCustomer\ocr_test\img\image_86.jpg,image,0.7506221532821655
C:\Users\ZhanYi\PycharmProjects\AiCustomer\ocr_test\img\image_84.jpg,image,C:\Users\ZhanYi\PycharmProjects\AiCustomer\ocr_test\img\image_93.jpg,image,0.8419158458709717
C:\Users\ZhanYi\PycharmProjects\AiCustomer\ocr_test\img\image_86.jpg,image,C:\Users\ZhanYi\PycharmProjects\AiCustomer\ocr_test\img\image_69.jpg,image,0.8683544993400574
C:\Users\ZhanYi\PycharmProjects\AiCustomer\ocr_test\img\image_86.jpg,image,C:\Users\ZhanYi\PycharmProjects\AiCustomer\ocr_test\img\image_58.jpg,image,0.862274706363678
C:\Users\ZhanYi\PycharmProjects\AiCustomer\ocr_test\img\image_86.jpg,image,C:\Users\ZhanYi\PycharmProjects\AiCustomer\ocr_test\img\image_15.jpg,image,0.860451340675354
C:\Users\ZhanYi\PycharmProjects\AiCustomer\ocr_test\img\image_86.jpg,image,C:\Users\ZhanYi\PycharmProjects\AiCustomer\ocr_test\img\image_38.jpg,image,0.8450890779495239
C:\Users\ZhanYi\PycharmProjects\AiCustomer\ocr_test\img\image_86.jpg,image,C:\Users\ZhanYi\PycharmProjects\AiCustomer\ocr_test\img\image_87.jpg,image,0.8392804265022278
C:\Users\ZhanYi\PycharmProjects\AiCustomer\ocr_test\img\image_87.jpg,image,C:\Users\ZhanYi\PycharmProjects\AiCustomer\ocr_test\img\image_69.jpg,image,0.8891118764877319
C:\Users\ZhanYi\PycharmProjects\AiCustomer\ocr_test\img\image_87.jpg,image,C:\Users\ZhanYi\PycharmProjects\AiCustomer\ocr_test\img\image_35.jpg,image,0.8843767642974854
C:\Users\ZhanYi\PycharmProjects\AiCustomer\ocr_test\img\image_87.jpg,image,C:\Users\ZhanYi\PycharmProjects\AiCustomer\ocr_test\img\image_15.jpg,image,0.8827407360076904
C:\Users\ZhanYi\PycharmProjects\AiCustomer\ocr_test\img\image_87.jpg,image,C:\Users\ZhanYi\PycharmProjects\AiCustomer\ocr_test\img\image_24.jpg,image,0.8810906410217285
C:\Users\ZhanYi\PycharmProjects\AiCustomer\ocr_test\img\image_87.jpg,image,C:\Users\ZhanYi\PycharmProjects\AiCustomer\ocr_test\img\image_28.jpg,image,0.8751027584075928
C:\Users\ZhanYi\PycharmProjects\AiCustomer\ocr_test\img\image_88.jpg,image,C:\Users\ZhanYi\PycharmProjects\AiCustomer\ocr_test\img\image_93.jpg,image,0.7960995435714722
C:\Users\ZhanYi\PycharmProjects\AiCustomer\ocr_test\img\image_88.jpg,image,C:\Users\ZhanYi\PycharmProjects\AiCustomer\ocr_test\img\image_36.jpg,image,0.7960995435714722
C:\Users\ZhanYi\PycharmProjects\AiCustomer\ocr_test\img\image_88.jpg,image,C:\Users\ZhanYi\PycharmProjects\AiCustomer\ocr_test\img\image_10.jpg,image,0.7917118072509766
C:\Users\ZhanYi\PycharmProjects\AiCustomer\ocr_test\img\image_88.jpg,image,C:\Users\ZhanYi\PycharmProjects\AiCustomer\ocr_test\img\image_84.jpg,image,0.7906545400619507
C:\Users\ZhanYi\PycharmProjects\AiCustomer\ocr_test\img\image_88.jpg,image,C:\Users\ZhanYi\PycharmProjects\AiCustomer\ocr_test\img\image_90.jpg,image,0.7897968292236328
C:\Users\ZhanYi\PycharmProjects\AiCustomer\ocr_test\img\image_89.jpg,image,C:\Users\ZhanYi\PycharmProjects\AiCustomer\ocr_test\img\image_53.jpg,image,0.7521846294403076
C:\Users\ZhanYi\PycharmProjects\AiCustomer\ocr_test\img\image_89.jpg,image,C:\Users\ZhanYi\PycharmProjects\AiCustomer\ocr_test\img\image_28.jpg,image,0.7521545886993408
C:\Users\ZhanYi\PycharmProjects\AiCustomer\ocr_test\img\image_89.jpg,image,C:\Users\ZhanYi\PycharmProjects\AiCustomer\ocr_test\img\image_15.jpg,image,0.7484093308448792
C:\Users\ZhanYi\PycharmProjects\AiCustomer\ocr_test\img\image_89.jpg,image,C:\Users\ZhanYi\PycharmProjects\AiCustomer\ocr_test\img\image_83.jpg,image,0.7475301027297974
C:\Users\ZhanYi\PycharmProjects\AiCustomer\ocr_test\img\image_9.jpg,image,C:\Users\ZhanYi\PycharmProjects\AiCustomer\ocr_test\img\image_84.jpg,image,0.8027496337890625
C:\Users\ZhanYi\PycharmProjects\AiCustomer\ocr_test\img\image_9.jpg,image,C:\Users\ZhanYi\PycharmProjects\AiCustomer\ocr_test\img\image_93.jpg,image,0.7973512411117554
C:\Users\ZhanYi\PycharmProjects\AiCustomer\ocr_test\img\image_9.jpg,image,C:\Users\ZhanYi\PycharmProjects\AiCustomer\ocr_test\img\image_36.jpg,image,0.7973512411117554
C:\Users\ZhanYi\PycharmProjects\AiCustomer\ocr_test\img\image_9.jpg,image,C:\Users\ZhanYi\PycharmProjects\AiCustomer\ocr_test\img\image_90.jpg,image,0.7725432515144348
C:\Users\ZhanYi\PycharmProjects\AiCustomer\ocr_test\img\image_9.jpg,image,C:\Users\ZhanYi\PycharmProjects\AiCustomer\ocr_test\img\image_10.jpg,image,0.7526715993881226
C:\Users\ZhanYi\PycharmProjects\AiCustomer\ocr_test\img\image_90.jpg,image,C:\Users\ZhanYi\PycharmProjects\AiCustomer\ocr_test\img\image_54.jpg,image,0.8006933927536011
C:\Users\ZhanYi\PycharmProjects\AiCustomer\ocr_test\img\image_90.jpg,image,C:\Users\ZhanYi\PycharmProjects\AiCustomer\ocr_test\img\image_84.jpg,image,0.7879761457443237
C:\Users\ZhanYi\PycharmProjects\AiCustomer\ocr_test\img\image_90.jpg,image,C:\Users\ZhanYi\PycharmProjects\AiCustomer\ocr_test\img\image_93.jpg,image,0.787675678730011
C:\Users\ZhanYi\PycharmProjects\AiCustomer\ocr_test\img\image_90.jpg,image,C:\Users\ZhanYi\PycharmProjects\AiCustomer\ocr_test\img\image_36.jpg,image,0.787675678730011
C:\Users\ZhanYi\PycharmProjects\AiCustomer\ocr_test\img\image_91.jpg,image,C:\Users\ZhanYi\PycharmProjects\AiCustomer\ocr_test\img\image_35.jpg,image,0.8760102987289429
C:\Users\ZhanYi\PycharmProjects\AiCustomer\ocr_test\img\image_91.jpg,image,C:\Users\ZhanYi\PycharmProjects\AiCustomer\ocr_test\img\image_24.jpg,image,0.8588286638259888
C:\Users\ZhanYi\PycharmProjects\AiCustomer\ocr_test\img\image_92.jpg,image,C:\Users\ZhanYi\PycharmProjects\AiCustomer\ocr_test\img\image_76.jpg,image,0.750857949256897
C:\Users\ZhanYi\PycharmProjects\AiCustomer\ocr_test\img\image_92.jpg,image,C:\Users\ZhanYi\PycharmProjects\AiCustomer\ocr_test\img\image_72.jpg,image,0.7422211766242981
C:\Users\ZhanYi\PycharmProjects\AiCustomer\ocr_test\img\image_92.jpg,image,C:\Users\ZhanYi\PycharmProjects\AiCustomer\ocr_test\img\image_2.jpg,image,0.7422211766242981
C:\Users\ZhanYi\PycharmProjects\AiCustomer\ocr_test\img\image_92.jpg,image,C:\Users\ZhanYi\PycharmProjects\AiCustomer\ocr_test\img\image_55.jpg,image,0.7383350133895874
C:\Users\ZhanYi\PycharmProjects\AiCustomer\ocr_test\img\image_94.jpg,image,C:\Users\ZhanYi\PycharmProjects\AiCustomer\ocr_test\img\error\image_94.jpg,image,0.9999999403953552
C:\Users\ZhanYi\PycharmProjects\AiCustomer\ocr_test\img\image_94.jpg,image,C:\Users\ZhanYi\PycharmProjects\AiCustomer\ocr_test\img\error\image_96.jpg,image,0.8891706466674805
C:\Users\ZhanYi\PycharmProjects\AiCustomer\ocr_test\img\image_94.jpg,image,C:\Users\ZhanYi\PycharmProjects\AiCustomer\ocr_test\img\image_96.jpg,image,0.8891706466674805
C:\Users\ZhanYi\PycharmProjects\AiCustomer\ocr_test\img\image_94.jpg,image,C:\Users\ZhanYi\PycharmProjects\AiCustomer\ocr_test\img\image_8.jpg,image,0.8753979206085205
C:\Users\ZhanYi\PycharmProjects\AiCustomer\ocr_test\img\image_94.jpg,image,C:\Users\ZhanYi\PycharmProjects\AiCustomer\ocr_test\img\image_41.jpg,image,0.8691393136978149
C:\Users\ZhanYi\PycharmProjects\AiCustomer\ocr_test\img\image_95.png,image,C:\Users\ZhanYi\PycharmProjects\AiCustomer\ocr_test\img\image_8.jpg,image,0.8280332088470459
C:\Users\ZhanYi\PycharmProjects\AiCustomer\ocr_test\img\image_95.png,image,C:\Users\ZhanYi\PycharmProjects\AiCustomer\ocr_test\img\image_41.jpg,image,0.825979471206665
C:\Users\ZhanYi\PycharmProjects\AiCustomer\ocr_test\img\image_95.png,image,C:\Users\ZhanYi\PycharmProjects\AiCustomer\ocr_test\img\image_38.jpg,image,0.8247690796852112
C:\Users\ZhanYi\PycharmProjects\AiCustomer\ocr_test\img\image_95.png,image,C:\Users\ZhanYi\PycharmProjects\AiCustomer\ocr_test\img\image_35.jpg,image,0.8089896440505981
C:\Users\ZhanYi\PycharmProjects\AiCustomer\ocr_test\img\image_95.png,image,C:\Users\ZhanYi\PycharmProjects\AiCustomer\ocr_test\img\image_82.jpg,image,0.8086580038070679
C:\Users\ZhanYi\PycharmProjects\AiCustomer\ocr_test\img\image_96.jpg,image,C:\Users\ZhanYi\PycharmProjects\AiCustomer\ocr_test\img\error\image_96.jpg,image,0.9999998807907104
C:\Users\ZhanYi\PycharmProjects\AiCustomer\ocr_test\img\image_96.jpg,image,C:\Users\ZhanYi\PycharmProjects\AiCustomer\ocr_test\img\image_38.jpg,image,0.8930069208145142
C:\Users\ZhanYi\PycharmProjects\AiCustomer\ocr_test\img\image_96.jpg,image,C:\Users\ZhanYi\PycharmProjects\AiCustomer\ocr_test\img\error\image_94.jpg,image,0.8891706466674805
C:\Users\ZhanYi\PycharmProjects\AiCustomer\ocr_test\img\image_96.jpg,image,C:\Users\ZhanYi\PycharmProjects\AiCustomer\ocr_test\img\image_8.jpg,image,0.8770295977592468
C:\Users\ZhanYi\PycharmProjects\AiCustomer\ocr_test\img\image_97.jpg,image,C:\Users\ZhanYi\PycharmProjects\AiCustomer\ocr_test\img\image_94.jpg,image,0.7449820041656494
C:\Users\ZhanYi\PycharmProjects\AiCustomer\ocr_test\img\image_98.jpg,image,C:\Users\ZhanYi\PycharmProjects\AiCustomer\ocr_test\img\image_99.jpg,image,0.9598840475082397
C:\Users\ZhanYi\PycharmProjects\AiCustomer\ocr_test\img\image_98.jpg,image,C:\Users\ZhanYi\PycharmProjects\AiCustomer\ocr_test\img\image_76.jpg,image,0.788650631904602
C:\Users\ZhanYi\PycharmProjects\AiCustomer\ocr_test\img\error\image_16.jpg,image,C:\Users\ZhanYi\PycharmProjects\AiCustomer\ocr_test\img\image_92.jpg,image,0.6686798334121704
C:\Users\ZhanYi\PycharmProjects\AiCustomer\ocr_test\img\error\image_16.jpg,image,C:\Users\ZhanYi\PycharmProjects\AiCustomer\ocr_test\img\image_64.jpg,image,0.6686798334121704
C:\Users\ZhanYi\PycharmProjects\AiCustomer\ocr_test\img\error\image_16.jpg,image,C:\Users\ZhanYi\PycharmProjects\AiCustomer\ocr_test\img\image_47.jpg,image,0.6553054451942444
C:\Users\ZhanYi\PycharmProjects\AiCustomer\ocr_test\img\error\image_16.jpg,image,C:\Users\ZhanYi\PycharmProjects\AiCustomer\ocr_test\img\image_55.jpg,image,0.6494429111480713
C:\Users\ZhanYi\PycharmProjects\AiCustomer\ocr_test\img\error\image_45.png,image,C:\Users\ZhanYi\PycharmProjects\AiCustomer\ocr_test\img\image_6.jpg,image,0.7796816825866699
C:\Users\ZhanYi\PycharmProjects\AiCustomer\ocr_test\img\error\image_45.png,image,C:\Users\ZhanYi\PycharmProjects\AiCustomer\ocr_test\img\image_84.jpg,image,0.7438983917236328
C:\Users\ZhanYi\PycharmProjects\AiCustomer\ocr_test\img\error\image_45.png,image,C:\Users\ZhanYi\PycharmProjects\AiCustomer\ocr_test\img\image_10.jpg,image,0.7436910271644592
C:\Users\ZhanYi\PycharmProjects\AiCustomer\ocr_test\img\error\image_48.jpg,image,C:\Users\ZhanYi\PycharmProjects\AiCustomer\ocr_test\img\image_14.png,image,0.6145366430282593
C:\Users\ZhanYi\PycharmProjects\AiCustomer\ocr_test\img\error\image_48.jpg,image,C:\Users\ZhanYi\PycharmProjects\AiCustomer\ocr_test\img\image_92.jpg,image,0.6096693873405457
C:\Users\ZhanYi\PycharmProjects\AiCustomer\ocr_test\img\error\image_48.jpg,image,C:\Users\ZhanYi\PycharmProjects\AiCustomer\ocr_test\img\image_64.jpg,image,0.6096693873405457
C:\Users\ZhanYi\PycharmProjects\AiCustomer\ocr_test\img\error\image_94.jpg,image,C:\Users\ZhanYi\PycharmProjects\AiCustomer\ocr_test\img\error\image_96.jpg,image,0.8891706466674805
C:\Users\ZhanYi\PycharmProjects\AiCustomer\ocr_test\img\error\image_94.jpg,image,C:\Users\ZhanYi\PycharmProjects\AiCustomer\ocr_test\img\image_8.jpg,image,0.8753979206085205
C:\Users\ZhanYi\PycharmProjects\AiCustomer\ocr_test\img\error\image_94.jpg,image,C:\Users\ZhanYi\PycharmProjects\AiCustomer\ocr_test\img\image_41.jpg,image,0.8691393136978149
C:\Users\ZhanYi\PycharmProjects\AiCustomer\ocr_test\img\error\image_96.jpg,image,C:\Users\ZhanYi\PycharmProjects\AiCustomer\ocr_test\img\image_38.jpg,image,0.8930069208145142
C:\Users\ZhanYi\PycharmProjects\AiCustomer\ocr_test\img\error\image_96.jpg,image,C:\Users\ZhanYi\PycharmProjects\AiCustomer\ocr_test\img\image_8.jpg,image,0.8770295977592468
